customer_id,f_name,l_name,email,address
1,Daniel,Anderson,daniel.anderson1@email.com,"1791 Main St, Boston, NC 46066"
2,Matthew,Anderson,matthew.anderson2@email.com,"999 Main St, San Antonio, IL 17290"
3,Richard,Clark,richard.clark3@email.com,"1909 Main St, Indianapolis, FL 48500"
4,Daniel,Gonzalez,daniel.gonzalez4@email.com,"8184 Main St, Nashville, FL 45848"
5,Elizabeth,Thomas,elizabeth.thomas5@email.com,"5542 Main St, Miami, FL 71862"
6,Matthew,Wilson,matthew.wilson6@email.com,"117 Main St, Denver, CA 91716"
7,Emily,Moore,emily.moore7@email.com,"2749 Main St, Jacksonville, IL 83702"
8,Mia,Perez,mia.perez8@email.com,"9051 Main St, Los Angeles, NY 87198"
9,Sofia,Jones,sofia.jones9@email.com,"1470 Main St, Portland, FL 44623"
10,Evelyn,Clark,evelyn.clark10@email.com,"6719 Main St, Los Angeles, TN 17903"
11,Emily,Martinez,emily.martinez11@email.com,"1124 Main St, Boston, IL 25280"
12,Olivia,Williams,olivia.williams12@email.com,"1741 Main St, Chicago, NY 88075"
13,Daniel,Anderson,daniel.anderson13@email.com,"2992 Main St, Dallas, OR 90236"
14,Amelia,Robinson,amelia.robinson14@email.com,"4016 Main St, Denver, NV 25011"
15,Anthony,Gonzalez,anthony.gonzalez15@email.com,"9599 Main St, San Diego, OR 28570"
16,Ava,Martinez,ava.martinez16@email.com,"7562 Main St, New York, CO 10010"
17,Elizabeth,Jackson,elizabeth.jackson17@email.com,"416 Main St, Dallas, CO 45647"
18,Charles,Harris,charles.harris18@email.com,"7186 Main St, San Antonio, FL 77160"
19,Charles,Lewis,charles.lewis19@email.com,"6226 Main St, Austin, FL 29596"
20,William,Moore,william.moore20@email.com,"7454 Main St, San Diego, FL 49553"
21,Richard,Miller,richard.miller21@email.com,"2548 Main St, Las Vegas, AZ 38089"
22,Avery,Davis,avery.davis22@email.com,"7445 Main St, Las Vegas, CO 50809"
23,Charles,Martin,charles.martin23@email.com,"2650 Main St, Charlotte, AZ 32589"
24,Richard,Smith,richard.smith24@email.com,"4250 Main St, Columbus, TX 86967"
25,Sophia,Jackson,sophia.jackson25@email.com,"7736 Main St, Austin, IL 48792"
26,David,Lewis,david.lewis26@email.com,"9503 Main St, Columbus, MI 62674"
27,Daniel,Sanchez,daniel.sanchez27@email.com,"6703 Main St, Miami, OR 88173"
28,Harper,Jones,harper.jones28@email.com,"6252 Main St, Columbus, PA 21497"
29,Michael,Sanchez,michael.sanchez29@email.com,"3097 Main St, Charlotte, MI 98688"
30,Ava,Lewis,ava.lewis30@email.com,"3188 Main St, Nashville, WA 61897"
31,Matthew,Clark,matthew.clark31@email.com,"8784 Main St, Miami, CA 44229"
32,Matthew,Davis,matthew.davis32@email.com,"9378 Main St, Boston, MI 60757"
33,Anthony,Hernandez,anthony.hernandez33@email.com,"4861 Main St, Miami, OR 19348"
34,James,Perez,james.perez34@email.com,"2291 Main St, Miami, CA 33200"
35,Joseph,Rodriguez,joseph.rodriguez35@email.com,"9993 Main St, San Jose, MA 79692"
36,Harper,Martin,harper.martin36@email.com,"5202 Main St, Nashville, OH 33324"
37,Anthony,Perez,anthony.perez37@email.com,"7786 Main St, San Antonio, AZ 42816"
38,Evelyn,Harris,evelyn.harris38@email.com,"6187 Main St, Phoenix, CO 77097"
39,Sofia,Martin,sofia.martin39@email.com,"8861 Main St, Charlotte, FL 67473"
40,Robert,Anderson,robert.anderson40@email.com,"2398 Main St, New York, CA 52610"
41,Donald,Brown,donald.brown41@email.com,"5461 Main St, Detroit, WA 95447"
42,Charles,Ramirez,charles.ramirez42@email.com,"2891 Main St, Miami, OR 77388"
43,Mia,Thomas,mia.thomas43@email.com,"3139 Main St, Phoenix, NY 60404"
44,Sophia,Martin,sophia.martin44@email.com,"6022 Main St, Indianapolis, CA 33428"
45,John,Harris,john.harris45@email.com,"1564 Main St, Portland, WA 32865"
46,Emily,Smith,emily.smith46@email.com,"741 Main St, New York, TX 87421"
47,Abigail,Martinez,abigail.martinez47@email.com,"6272 Main St, Boston, WA 18088"
48,Emily,Rodriguez,emily.rodriguez48@email.com,"356 Main St, Jacksonville, FL 77389"
49,Thomas,Sanchez,thomas.sanchez49@email.com,"2006 Main St, Dallas, OH 34893"
50,William,Jones,william.jones50@email.com,"6127 Main St, Indianapolis, AZ 17860"
51,Matthew,Lopez,matthew.lopez51@email.com,"9976 Main St, Miami, OR 11726"
52,Donald,Wilson,donald.wilson52@email.com,"3329 Main St, Seattle, TX 24662"
53,Michael,Brown,michael.brown53@email.com,"7357 Main St, San Antonio, OH 48550"
54,Ava,Jones,ava.jones54@email.com,"6942 Main St, New York, OR 59192"
55,Joseph,Martin,joseph.martin55@email.com,"6761 Main St, Boston, MA 81645"
56,Robert,Gonzalez,robert.gonzalez56@email.com,"8665 Main St, Columbus, OH 16119"
57,David,Sanchez,david.sanchez57@email.com,"5124 Main St, Seattle, OH 54800"
58,Michael,Wilson,michael.wilson58@email.com,"5818 Main St, Fort Worth, FL 59834"
59,Abigail,Robinson,abigail.robinson59@email.com,"3731 Main St, Boston, OR 76635"
60,Harper,Martin,harper.martin60@email.com,"4823 Main St, Philadelphia, CO 39722"
61,Thomas,Johnson,thomas.johnson61@email.com,"6968 Main St, Seattle, FL 86434"
62,James,Smith,james.smith62@email.com,"8749 Main St, Indianapolis, TX 70345"
63,David,Garcia,david.garcia63@email.com,"1058 Main St, Indianapolis, CO 58004"
64,Harper,Thompson,harper.thompson64@email.com,"5027 Main St, San Diego, PA 78573"
65,James,Moore,james.moore65@email.com,"4032 Main St, New York, NY 56357"
66,Avery,Martin,avery.martin66@email.com,"7037 Main St, Austin, OH 21324"
67,Charlotte,Johnson,charlotte.johnson67@email.com,"5422 Main St, Charlotte, MI 48289"
68,Harper,Lewis,harper.lewis68@email.com,"4106 Main St, Nashville, IL 42858"
69,Joseph,Williams,joseph.williams69@email.com,"3233 Main St, New York, FL 72827"
70,William,Davis,william.davis70@email.com,"5039 Main St, Detroit, MA 33177"
71,Joseph,Jackson,joseph.jackson71@email.com,"6818 Main St, San Jose, IL 81249"
72,Joseph,Wilson,joseph.wilson72@email.com,"6141 Main St, Boston, NC 49143"
73,David,Taylor,david.taylor73@email.com,"1116 Main St, Jacksonville, MA 66268"
74,Robert,Martin,robert.martin74@email.com,"8304 Main St, San Francisco, IL 36793"
75,Emily,White,emily.white75@email.com,"6222 Main St, San Antonio, TX 87496"
76,Emma,Lee,emma.lee76@email.com,"2990 Main St, Las Vegas, NV 12118"
77,Sophia,Thomas,sophia.thomas77@email.com,"9192 Main St, Nashville, TX 55175"
78,Harper,Wilson,harper.wilson78@email.com,"5639 Main St, San Jose, NY 19177"
79,Sofia,Sanchez,sofia.sanchez79@email.com,"4621 Main St, Columbus, WA 13260"
80,Avery,Brown,avery.brown80@email.com,"7823 Main St, Jacksonville, NV 46766"
81,Harper,Gonzalez,harper.gonzalez81@email.com,"2320 Main St, Seattle, CO 56289"
82,Robert,Perez,robert.perez82@email.com,"7614 Main St, Las Vegas, NY 12238"
83,Sophia,Miller,sophia.miller83@email.com,"8343 Main St, Chicago, TN 23175"
84,Avery,Harris,avery.harris84@email.com,"1002 Main St, Boston, CO 96906"
85,Elizabeth,Garcia,elizabeth.garcia85@email.com,"9234 Main St, Nashville, NY 87027"
86,Michael,Harris,michael.harris86@email.com,"2994 Main St, Seattle, TN 28965"
87,David,Smith,david.smith87@email.com,"8284 Main St, Las Vegas, OR 77702"
88,Sophia,Lewis,sophia.lewis88@email.com,"6455 Main St, Phoenix, NC 22822"
89,Michael,Wilson,michael.wilson89@email.com,"7017 Main St, Indianapolis, MA 29565"
90,Mark,Garcia,mark.garcia90@email.com,"2652 Main St, Chicago, CO 58208"
91,Donald,Taylor,donald.taylor91@email.com,"1945 Main St, Portland, PA 74914"
92,Emily,Davis,emily.davis92@email.com,"5213 Main St, Houston, AZ 40300"
93,Joseph,Hernandez,joseph.hernandez93@email.com,"8780 Main St, New York, NV 34658"
94,Charles,Williams,charles.williams94@email.com,"3209 Main St, San Jose, PA 81942"
95,Emma,Hernandez,emma.hernandez95@email.com,"5719 Main St, San Jose, TN 32200"
96,Elizabeth,Gonzalez,elizabeth.gonzalez96@email.com,"8974 Main St, San Diego, NC 48744"
97,Ava,Sanchez,ava.sanchez97@email.com,"517 Main St, Las Vegas, CA 87747"
98,Mark,Perez,mark.perez98@email.com,"4364 Main St, Austin, OH 60612"
99,John,Martin,john.martin99@email.com,"6550 Main St, San Diego, CA 63684"
100,Isabella,Gonzalez,isabella.gonzalez100@email.com,"2709 Main St, Jacksonville, OR 71108"
101,Abigail,Perez,abigail.perez101@email.com,"3574 Main St, Boston, NY 87070"
102,Abigail,Lee,abigail.lee102@email.com,"764 Main St, Chicago, PA 41670"
103,Thomas,White,thomas.white103@email.com,"3211 Main St, Columbus, OH 38413"
104,Amelia,Martinez,amelia.martinez104@email.com,"3780 Main St, Boston, CO 44137"
105,Richard,Perez,richard.perez105@email.com,"4818 Main St, Charlotte, NV 40847"
106,Harper,Anderson,harper.anderson106@email.com,"780 Main St, Boston, CO 50600"
107,James,Rodriguez,james.rodriguez107@email.com,"2023 Main St, Miami, TN 75229"
108,Mark,Sanchez,mark.sanchez108@email.com,"7426 Main St, Miami, TN 23476"
109,Amelia,Williams,amelia.williams109@email.com,"7004 Main St, Miami, MI 47835"
110,Mia,Smith,mia.smith110@email.com,"635 Main St, Seattle, CO 64344"
111,Mark,Lopez,mark.lopez111@email.com,"7142 Main St, Detroit, OR 44325"
112,Sophia,White,sophia.white112@email.com,"6186 Main St, Denver, NY 93905"
113,Elizabeth,Smith,elizabeth.smith113@email.com,"3255 Main St, New York, OR 58881"
114,Mia,Garcia,mia.garcia114@email.com,"298 Main St, Austin, OR 54297"
115,Thomas,Lee,thomas.lee115@email.com,"153 Main St, Houston, CA 60165"
116,William,Sanchez,william.sanchez116@email.com,"2892 Main St, Phoenix, PA 98064"
117,Elizabeth,Moore,elizabeth.moore117@email.com,"1030 Main St, Seattle, NV 18401"
118,Elizabeth,Garcia,elizabeth.garcia118@email.com,"1347 Main St, Las Vegas, CO 69739"
119,Daniel,Anderson,daniel.anderson119@email.com,"1550 Main St, Denver, CO 48898"
120,Matthew,Clark,matthew.clark120@email.com,"9955 Main St, Detroit, NY 43882"
121,Charles,Rodriguez,charles.rodriguez121@email.com,"4715 Main St, Philadelphia, NV 13417"
122,Olivia,Lee,olivia.lee122@email.com,"6295 Main St, San Francisco, PA 23584"
123,Joseph,Harris,joseph.harris123@email.com,"7922 Main St, Denver, MI 83221"
124,Sofia,Taylor,sofia.taylor124@email.com,"4413 Main St, Phoenix, NC 23561"
125,James,Hernandez,james.hernandez125@email.com,"951 Main St, Phoenix, CO 35899"
126,William,Lopez,william.lopez126@email.com,"3374 Main St, Indianapolis, IL 31207"
127,Mark,Ramirez,mark.ramirez127@email.com,"6584 Main St, Boston, MA 15471"
128,David,Robinson,david.robinson128@email.com,"5127 Main St, Detroit, TN 64452"
129,Robert,Anderson,robert.anderson129@email.com,"143 Main St, Boston, TX 17248"
130,Daniel,Rodriguez,daniel.rodriguez130@email.com,"6899 Main St, Chicago, PA 20027"
131,Avery,Rodriguez,avery.rodriguez131@email.com,"8666 Main St, Fort Worth, NC 99123"
132,Donald,Thompson,donald.thompson132@email.com,"5960 Main St, Jacksonville, IL 93654"
133,Charlotte,Moore,charlotte.moore133@email.com,"6737 Main St, San Jose, OH 23338"
134,Avery,Hernandez,avery.hernandez134@email.com,"7274 Main St, Denver, OH 55600"
135,Amelia,Anderson,amelia.anderson135@email.com,"3997 Main St, San Jose, TN 49484"
136,Mark,Robinson,mark.robinson136@email.com,"4890 Main St, Los Angeles, TX 22936"
137,Anthony,Johnson,anthony.johnson137@email.com,"1192 Main St, San Diego, WA 90555"
138,Olivia,White,olivia.white138@email.com,"6971 Main St, Seattle, WA 83494"
139,William,Lewis,william.lewis139@email.com,"4979 Main St, Los Angeles, OH 13545"
140,Charles,Martin,charles.martin140@email.com,"3289 Main St, Denver, OR 42019"
141,Elizabeth,Martinez,elizabeth.martinez141@email.com,"3972 Main St, Fort Worth, MI 49732"
142,Mia,Davis,mia.davis142@email.com,"6152 Main St, Las Vegas, AZ 84190"
143,Avery,Brown,avery.brown143@email.com,"1677 Main St, Dallas, PA 35481"
144,Elizabeth,Martin,elizabeth.martin144@email.com,"1622 Main St, Dallas, MI 34915"
145,Evelyn,White,evelyn.white145@email.com,"9033 Main St, Philadelphia, IL 80879"
146,Charles,Sanchez,charles.sanchez146@email.com,"7220 Main St, San Jose, OH 72072"
147,Isabella,Martin,isabella.martin147@email.com,"8688 Main St, San Diego, CO 91144"
148,Charlotte,Thomas,charlotte.thomas148@email.com,"1444 Main St, San Francisco, FL 67837"
149,Michael,Williams,michael.williams149@email.com,"6110 Main St, Charlotte, TN 29425"
150,Ava,Jackson,ava.jackson150@email.com,"4893 Main St, Nashville, AZ 43561"
151,David,Jones,david.jones151@email.com,"5341 Main St, Fort Worth, NV 30614"
152,Avery,Sanchez,avery.sanchez152@email.com,"255 Main St, San Francisco, PA 76432"
153,James,Hernandez,james.hernandez153@email.com,"5910 Main St, Philadelphia, CA 23054"
154,William,Hernandez,william.hernandez154@email.com,"8205 Main St, Detroit, NV 30191"
155,Abigail,Gonzalez,abigail.gonzalez155@email.com,"1909 Main St, Charlotte, MA 46494"
156,Robert,Martinez,robert.martinez156@email.com,"6760 Main St, Portland, AZ 95769"
157,Mark,Moore,mark.moore157@email.com,"9152 Main St, Fort Worth, CO 85525"
158,Daniel,Martinez,daniel.martinez158@email.com,"5428 Main St, Detroit, TN 52548"
159,Joseph,Smith,joseph.smith159@email.com,"8814 Main St, New York, AZ 12318"
160,Isabella,Davis,isabella.davis160@email.com,"7560 Main St, Portland, OR 50713"
161,Charles,Williams,charles.williams161@email.com,"9650 Main St, Indianapolis, IL 48394"
162,Isabella,Perez,isabella.perez162@email.com,"9026 Main St, Los Angeles, PA 98665"
163,Michael,Williams,michael.williams163@email.com,"4984 Main St, Seattle, CA 84569"
164,Daniel,Garcia,daniel.garcia164@email.com,"1687 Main St, Indianapolis, MA 92930"
165,Mark,Gonzalez,mark.gonzalez165@email.com,"7519 Main St, Dallas, CA 86145"
166,Emily,Davis,emily.davis166@email.com,"9182 Main St, San Antonio, CO 28189"
167,Robert,Harris,robert.harris167@email.com,"3557 Main St, Jacksonville, WA 87724"
168,Mark,Brown,mark.brown168@email.com,"8686 Main St, Denver, NV 30171"
169,Joseph,Sanchez,joseph.sanchez169@email.com,"2713 Main St, Jacksonville, PA 32677"
170,Anthony,Thomas,anthony.thomas170@email.com,"6143 Main St, Jacksonville, NC 40217"
171,Sophia,Ramirez,sophia.ramirez171@email.com,"3634 Main St, Indianapolis, MI 30422"
172,Thomas,Hernandez,thomas.hernandez172@email.com,"4149 Main St, Denver, AZ 55036"
173,William,Davis,william.davis173@email.com,"1944 Main St, New York, AZ 70575"
174,Daniel,Perez,daniel.perez174@email.com,"8616 Main St, San Antonio, FL 10995"
175,Emily,Rodriguez,emily.rodriguez175@email.com,"2847 Main St, Nashville, IL 69410"
176,Richard,Ramirez,richard.ramirez176@email.com,"9288 Main St, Phoenix, WA 70996"
177,Evelyn,Martin,evelyn.martin177@email.com,"8349 Main St, Boston, MA 94790"
178,Sofia,Lee,sofia.lee178@email.com,"1470 Main St, Houston, OH 75992"
179,Mia,Smith,mia.smith179@email.com,"9224 Main St, San Diego, OH 35756"
180,Sofia,Lewis,sofia.lewis180@email.com,"7552 Main St, San Antonio, CO 33747"
181,Ava,Davis,ava.davis181@email.com,"2899 Main St, Chicago, WA 56996"
182,Charlotte,Thomas,charlotte.thomas182@email.com,"7087 Main St, Las Vegas, IL 12736"
183,Ava,Lopez,ava.lopez183@email.com,"8974 Main St, New York, TX 99074"
184,Joseph,Wilson,joseph.wilson184@email.com,"4257 Main St, Austin, MA 99351"
185,Robert,Hernandez,robert.hernandez185@email.com,"1247 Main St, Columbus, WA 37907"
186,Mia,Clark,mia.clark186@email.com,"3583 Main St, Fort Worth, NV 18912"
187,James,Miller,james.miller187@email.com,"1393 Main St, Seattle, FL 17070"
188,Ava,Smith,ava.smith188@email.com,"4272 Main St, Boston, NV 58509"
189,Mia,White,mia.white189@email.com,"8756 Main St, Indianapolis, NY 20468"
190,Harper,Anderson,harper.anderson190@email.com,"5775 Main St, Portland, NC 95042"
191,Olivia,Brown,olivia.brown191@email.com,"9489 Main St, Phoenix, IL 81680"
192,Charlotte,Martinez,charlotte.martinez192@email.com,"2943 Main St, San Diego, FL 89127"
193,Matthew,Lewis,matthew.lewis193@email.com,"1980 Main St, San Francisco, OH 80311"
194,Anthony,Lewis,anthony.lewis194@email.com,"3685 Main St, Columbus, NV 12225"
195,Charlotte,Sanchez,charlotte.sanchez195@email.com,"3497 Main St, San Francisco, NV 77039"
196,John,Sanchez,john.sanchez196@email.com,"144 Main St, San Francisco, OH 98285"
197,Olivia,Miller,olivia.miller197@email.com,"511 Main St, Portland, NC 61654"
198,Emily,Garcia,emily.garcia198@email.com,"4064 Main St, Boston, NY 22279"
199,Emma,Davis,emma.davis199@email.com,"6672 Main St, Portland, IL 69871"
200,Thomas,Hernandez,thomas.hernandez200@email.com,"7732 Main St, Phoenix, AZ 20361"
201,Avery,Wilson,avery.wilson201@email.com,"7496 Main St, Houston, AZ 20692"
202,Anthony,Hernandez,anthony.hernandez202@email.com,"409 Main St, Seattle, TN 39116"
203,Anthony,Sanchez,anthony.sanchez203@email.com,"1225 Main St, San Antonio, CO 24722"
204,Charles,Harris,charles.harris204@email.com,"3662 Main St, San Jose, OH 94610"
205,Olivia,Moore,olivia.moore205@email.com,"1831 Main St, San Francisco, WA 28687"
206,Mark,Clark,mark.clark206@email.com,"7733 Main St, Chicago, WA 19069"
207,Amelia,Johnson,amelia.johnson207@email.com,"8282 Main St, San Diego, NC 12607"
208,Matthew,Harris,matthew.harris208@email.com,"8561 Main St, Los Angeles, NV 71829"
209,Mia,Rodriguez,mia.rodriguez209@email.com,"297 Main St, Portland, TX 11245"
210,Olivia,Johnson,olivia.johnson210@email.com,"9694 Main St, Denver, MI 61973"
211,Daniel,Taylor,daniel.taylor211@email.com,"358 Main St, Charlotte, MI 34848"
212,Harper,Williams,harper.williams212@email.com,"1517 Main St, Las Vegas, CO 41163"
213,William,Sanchez,william.sanchez213@email.com,"2088 Main St, San Diego, CO 75243"
214,Robert,Anderson,robert.anderson214@email.com,"7895 Main St, San Antonio, OH 15133"
215,Emma,Taylor,emma.taylor215@email.com,"6977 Main St, Denver, OH 43184"
216,Robert,Jackson,robert.jackson216@email.com,"8715 Main St, Las Vegas, TN 67396"
217,Emma,Thomas,emma.thomas217@email.com,"6216 Main St, Las Vegas, OH 66943"
218,Sofia,White,sofia.white218@email.com,"1860 Main St, Jacksonville, PA 53829"
219,Robert,Garcia,robert.garcia219@email.com,"356 Main St, Indianapolis, TN 41663"
220,Thomas,Lee,thomas.lee220@email.com,"3522 Main St, Chicago, CA 46422"
221,Elizabeth,Lee,elizabeth.lee221@email.com,"6203 Main St, San Francisco, PA 62613"
222,Charles,Ramirez,charles.ramirez222@email.com,"7125 Main St, Boston, WA 26086"
223,Isabella,Wilson,isabella.wilson223@email.com,"1703 Main St, Los Angeles, CA 16395"
224,Sophia,Williams,sophia.williams224@email.com,"6254 Main St, Las Vegas, OH 24077"
225,Emily,Gonzalez,emily.gonzalez225@email.com,"3054 Main St, San Antonio, OH 91218"
226,Abigail,Clark,abigail.clark226@email.com,"9877 Main St, Las Vegas, TN 83905"
227,Amelia,Brown,amelia.brown227@email.com,"6882 Main St, Charlotte, OR 20678"
228,Sophia,Thomas,sophia.thomas228@email.com,"3742 Main St, Denver, WA 39977"
229,Thomas,Davis,thomas.davis229@email.com,"9892 Main St, Phoenix, OH 47101"
230,Elizabeth,Perez,elizabeth.perez230@email.com,"8590 Main St, Las Vegas, CO 70195"
231,David,Davis,david.davis231@email.com,"3825 Main St, Chicago, TN 83704"
232,Thomas,Moore,thomas.moore232@email.com,"4668 Main St, Portland, PA 58761"
233,James,Williams,james.williams233@email.com,"3646 Main St, Boston, AZ 90613"
234,Emma,Smith,emma.smith234@email.com,"1921 Main St, Las Vegas, OR 61240"
235,Sophia,Miller,sophia.miller235@email.com,"6540 Main St, Phoenix, TN 20828"
236,Isabella,Sanchez,isabella.sanchez236@email.com,"6002 Main St, Chicago, IL 28931"
237,Mark,White,mark.white237@email.com,"1329 Main St, Miami, TN 54194"
238,Evelyn,Brown,evelyn.brown238@email.com,"8699 Main St, Boston, MI 30992"
239,Mia,Lee,mia.lee239@email.com,"9787 Main St, Fort Worth, MA 94886"
240,Amelia,Moore,amelia.moore240@email.com,"4900 Main St, Boston, CA 34333"
241,Robert,Garcia,robert.garcia241@email.com,"8096 Main St, Columbus, NC 99141"
242,Evelyn,Ramirez,evelyn.ramirez242@email.com,"3079 Main St, Portland, NV 23027"
243,Joseph,Garcia,joseph.garcia243@email.com,"5642 Main St, Columbus, TX 95412"
244,Robert,Robinson,robert.robinson244@email.com,"8633 Main St, Phoenix, NY 34782"
245,James,Martinez,james.martinez245@email.com,"8586 Main St, Denver, PA 53648"
246,Mark,Wilson,mark.wilson246@email.com,"406 Main St, Fort Worth, AZ 33077"
247,Robert,Wilson,robert.wilson247@email.com,"6027 Main St, Los Angeles, NY 18793"
248,Anthony,White,anthony.white248@email.com,"3756 Main St, San Diego, OR 85744"
249,Abigail,Jones,abigail.jones249@email.com,"1596 Main St, Columbus, AZ 43049"
250,Mark,Lee,mark.lee250@email.com,"2145 Main St, Boston, OH 85841"
251,David,Miller,david.miller251@email.com,"7339 Main St, Las Vegas, AZ 43382"
252,David,Hernandez,david.hernandez252@email.com,"4861 Main St, San Jose, TX 92823"
253,Richard,Gonzalez,richard.gonzalez253@email.com,"4701 Main St, Philadelphia, OH 61873"
254,Harper,Ramirez,harper.ramirez254@email.com,"9402 Main St, Jacksonville, CO 75562"
255,Thomas,Thomas,thomas.thomas255@email.com,"3972 Main St, San Antonio, CO 57949"
256,Michael,Wilson,michael.wilson256@email.com,"4663 Main St, Seattle, TX 53890"
257,Harper,Miller,harper.miller257@email.com,"7249 Main St, Houston, TX 25258"
258,John,Wilson,john.wilson258@email.com,"8090 Main St, Philadelphia, OH 67264"
259,Robert,Jones,robert.jones259@email.com,"1535 Main St, Chicago, CO 32152"
260,Thomas,Gonzalez,thomas.gonzalez260@email.com,"6241 Main St, Seattle, PA 46142"
261,Joseph,White,joseph.white261@email.com,"5053 Main St, Houston, MI 62877"
262,Elizabeth,Ramirez,elizabeth.ramirez262@email.com,"2552 Main St, San Antonio, WA 39186"
263,Avery,Gonzalez,avery.gonzalez263@email.com,"3985 Main St, Denver, OH 47481"
264,David,Davis,david.davis264@email.com,"5999 Main St, Detroit, PA 96679"
265,Sofia,Garcia,sofia.garcia265@email.com,"7638 Main St, Jacksonville, OR 15640"
266,Daniel,Johnson,daniel.johnson266@email.com,"8845 Main St, San Francisco, AZ 63171"
267,Thomas,Clark,thomas.clark267@email.com,"9989 Main St, New York, TN 84458"
268,William,White,william.white268@email.com,"7422 Main St, Dallas, OR 96123"
269,Avery,Hernandez,avery.hernandez269@email.com,"3440 Main St, Charlotte, CO 95936"
270,John,Taylor,john.taylor270@email.com,"4473 Main St, New York, TN 55685"
271,Joseph,Martinez,joseph.martinez271@email.com,"1030 Main St, Las Vegas, TX 94345"
272,Charlotte,Perez,charlotte.perez272@email.com,"5626 Main St, San Diego, NV 58674"
273,Abigail,Clark,abigail.clark273@email.com,"7598 Main St, San Jose, NC 64476"
274,Charles,Rodriguez,charles.rodriguez274@email.com,"3329 Main St, San Diego, OR 80926"
275,Sofia,Thomas,sofia.thomas275@email.com,"170 Main St, Houston, FL 21999"
276,John,Williams,john.williams276@email.com,"894 Main St, Indianapolis, OH 37802"
277,Mia,Smith,mia.smith277@email.com,"8990 Main St, Miami, TX 32097"
278,Donald,Thompson,donald.thompson278@email.com,"4054 Main St, Seattle, NC 65830"
279,William,Johnson,william.johnson279@email.com,"3445 Main St, Philadelphia, MI 42583"
280,Mia,Davis,mia.davis280@email.com,"5831 Main St, San Diego, OH 84813"
281,John,Lewis,john.lewis281@email.com,"1307 Main St, New York, OH 25816"
282,Olivia,Garcia,olivia.garcia282@email.com,"2897 Main St, Houston, NV 62480"
283,James,Perez,james.perez283@email.com,"6735 Main St, Los Angeles, PA 23080"
284,Olivia,White,olivia.white284@email.com,"9655 Main St, Houston, WA 89315"
285,Elizabeth,Jackson,elizabeth.jackson285@email.com,"6200 Main St, Dallas, TX 91467"
286,Joseph,Thomas,joseph.thomas286@email.com,"9324 Main St, Portland, TX 14558"
287,Robert,Jackson,robert.jackson287@email.com,"978 Main St, Indianapolis, MA 31186"
288,Emma,Clark,emma.clark288@email.com,"6348 Main St, Seattle, NV 83308"
289,Robert,Wilson,robert.wilson289@email.com,"403 Main St, New York, MA 71073"
290,Amelia,Williams,amelia.williams290@email.com,"566 Main St, Miami, FL 26473"
291,Sofia,Harris,sofia.harris291@email.com,"1091 Main St, Houston, OH 45986"
292,Daniel,Thomas,daniel.thomas292@email.com,"4859 Main St, Los Angeles, NV 51748"
293,Charles,Jackson,charles.jackson293@email.com,"6209 Main St, Miami, CA 50292"
294,Robert,Taylor,robert.taylor294@email.com,"8163 Main St, Charlotte, CA 94616"
295,Sofia,Rodriguez,sofia.rodriguez295@email.com,"8443 Main St, Chicago, CA 54999"
296,John,Lee,john.lee296@email.com,"1220 Main St, Jacksonville, OH 74625"
297,Daniel,Lewis,daniel.lewis297@email.com,"5934 Main St, San Diego, PA 16006"
298,Robert,Rodriguez,robert.rodriguez298@email.com,"5142 Main St, Austin, IL 95038"
299,Avery,Thompson,avery.thompson299@email.com,"7225 Main St, Seattle, TN 21495"
300,Mia,Lopez,mia.lopez300@email.com,"3494 Main St, Miami, OH 65651"
301,Michael,Martin,michael.martin301@email.com,"245 Main St, San Francisco, TN 66708"
302,Harper,Moore,harper.moore302@email.com,"6446 Main St, Dallas, OH 42884"
303,Emily,Clark,emily.clark303@email.com,"3916 Main St, Portland, MI 77936"
304,Charlotte,Sanchez,charlotte.sanchez304@email.com,"3054 Main St, Las Vegas, MA 40366"
305,Emma,Robinson,emma.robinson305@email.com,"7783 Main St, Denver, MI 60382"
306,Abigail,Jones,abigail.jones306@email.com,"2045 Main St, Houston, IL 20765"
307,Charles,Brown,charles.brown307@email.com,"4564 Main St, San Antonio, MI 70506"
308,Sofia,Garcia,sofia.garcia308@email.com,"7038 Main St, Austin, OR 87479"
309,Isabella,Jones,isabella.jones309@email.com,"1689 Main St, San Francisco, CA 56855"
310,Joseph,Lopez,joseph.lopez310@email.com,"5717 Main St, Chicago, CO 61789"
311,Emma,Wilson,emma.wilson311@email.com,"5342 Main St, Jacksonville, CA 65015"
312,Mia,Hernandez,mia.hernandez312@email.com,"1673 Main St, Seattle, CO 96255"
313,James,Jones,james.jones313@email.com,"8133 Main St, Portland, NV 16977"
314,Joseph,Garcia,joseph.garcia314@email.com,"4698 Main St, Indianapolis, TN 42767"
315,Avery,Gonzalez,avery.gonzalez315@email.com,"7210 Main St, Columbus, PA 89377"
316,Thomas,Ramirez,thomas.ramirez316@email.com,"4308 Main St, Boston, NY 97187"
317,Joseph,Lopez,joseph.lopez317@email.com,"8832 Main St, Fort Worth, NV 99339"
318,Emily,Ramirez,emily.ramirez318@email.com,"9671 Main St, San Francisco, NC 87517"
319,Joseph,Martinez,joseph.martinez319@email.com,"4291 Main St, San Antonio, TN 50000"
320,Robert,Garcia,robert.garcia320@email.com,"5328 Main St, Los Angeles, NC 20969"
321,Sofia,White,sofia.white321@email.com,"692 Main St, Charlotte, WA 29407"
322,Emma,Sanchez,emma.sanchez322@email.com,"5724 Main St, Columbus, AZ 93180"
323,James,Jackson,james.jackson323@email.com,"6393 Main St, Houston, FL 37136"
324,Amelia,Martin,amelia.martin324@email.com,"2522 Main St, San Diego, PA 83205"
325,Isabella,Perez,isabella.perez325@email.com,"2641 Main St, Columbus, TN 15649"
326,Harper,Ramirez,harper.ramirez326@email.com,"4245 Main St, Columbus, WA 35158"
327,Joseph,Robinson,joseph.robinson327@email.com,"790 Main St, Dallas, PA 11739"
328,William,Thompson,william.thompson328@email.com,"9234 Main St, Nashville, OH 15724"
329,Charles,Robinson,charles.robinson329@email.com,"3341 Main St, Seattle, WA 24181"
330,Mark,Jackson,mark.jackson330@email.com,"9071 Main St, Columbus, MI 43141"
331,Emma,Anderson,emma.anderson331@email.com,"5884 Main St, Las Vegas, AZ 85027"
332,Matthew,Martin,matthew.martin332@email.com,"619 Main St, New York, MA 43903"
333,Joseph,Davis,joseph.davis333@email.com,"5229 Main St, Columbus, NY 52458"
334,Sophia,Lopez,sophia.lopez334@email.com,"8608 Main St, Phoenix, MA 81348"
335,Mark,Wilson,mark.wilson335@email.com,"1003 Main St, Columbus, NV 77061"
336,Isabella,Rodriguez,isabella.rodriguez336@email.com,"4327 Main St, Phoenix, NC 85332"
337,Anthony,Jackson,anthony.jackson337@email.com,"5027 Main St, Charlotte, OH 42032"
338,Mia,Wilson,mia.wilson338@email.com,"2060 Main St, Detroit, TX 34382"
339,Sofia,Lee,sofia.lee339@email.com,"1951 Main St, San Francisco, CO 75533"
340,Ava,Harris,ava.harris340@email.com,"2384 Main St, Fort Worth, CA 36548"
341,Donald,Miller,donald.miller341@email.com,"388 Main St, San Diego, AZ 67860"
342,Charlotte,Taylor,charlotte.taylor342@email.com,"8010 Main St, Los Angeles, NC 84684"
343,Evelyn,Lopez,evelyn.lopez343@email.com,"907 Main St, Denver, NY 86451"
344,Ava,Taylor,ava.taylor344@email.com,"3520 Main St, Austin, CA 24617"
345,Robert,Harris,robert.harris345@email.com,"3268 Main St, Indianapolis, NV 89210"
346,Anthony,Gonzalez,anthony.gonzalez346@email.com,"1904 Main St, San Francisco, IL 81532"
347,Avery,Martinez,avery.martinez347@email.com,"4102 Main St, Dallas, TX 68738"
348,Mark,Lopez,mark.lopez348@email.com,"5979 Main St, Portland, FL 33217"
349,David,Lee,david.lee349@email.com,"3536 Main St, Seattle, MI 49671"
350,Charles,Wilson,charles.wilson350@email.com,"1361 Main St, Boston, AZ 80782"
351,Charles,Davis,charles.davis351@email.com,"1715 Main St, Dallas, PA 24499"
352,Richard,Perez,richard.perez352@email.com,"3786 Main St, San Diego, FL 91803"
353,Joseph,Jones,joseph.jones353@email.com,"8757 Main St, San Jose, NC 20826"
354,Matthew,Clark,matthew.clark354@email.com,"7833 Main St, Las Vegas, CO 84004"
355,Harper,Harris,harper.harris355@email.com,"2341 Main St, Detroit, PA 50907"
356,Avery,Smith,avery.smith356@email.com,"3222 Main St, Chicago, MI 54015"
357,Michael,Moore,michael.moore357@email.com,"9992 Main St, San Francisco, OR 47514"
358,Richard,Garcia,richard.garcia358@email.com,"4715 Main St, Denver, PA 52779"
359,Daniel,Davis,daniel.davis359@email.com,"5803 Main St, Boston, TN 50357"
360,Mia,Wilson,mia.wilson360@email.com,"7405 Main St, San Antonio, AZ 19198"
361,Daniel,Davis,daniel.davis361@email.com,"2636 Main St, San Antonio, PA 28366"
362,Daniel,Harris,daniel.harris362@email.com,"7901 Main St, Nashville, NV 41864"
363,Olivia,White,olivia.white363@email.com,"8934 Main St, San Jose, MA 10807"
364,Isabella,Garcia,isabella.garcia364@email.com,"5567 Main St, Los Angeles, NY 85007"
365,Amelia,Rodriguez,amelia.rodriguez365@email.com,"1944 Main St, Dallas, OH 89166"
366,Ava,Lopez,ava.lopez366@email.com,"3162 Main St, Miami, OH 98797"
367,Robert,Perez,robert.perez367@email.com,"9334 Main St, Phoenix, NY 73239"
368,Avery,Jackson,avery.jackson368@email.com,"9121 Main St, San Jose, FL 33177"
369,Anthony,Jones,anthony.jones369@email.com,"2056 Main St, Houston, NC 55866"
370,Emily,Sanchez,emily.sanchez370@email.com,"8423 Main St, Phoenix, NC 72530"
371,Anthony,Miller,anthony.miller371@email.com,"1708 Main St, Jacksonville, IL 59025"
372,Sophia,Jackson,sophia.jackson372@email.com,"5762 Main St, New York, MI 86225"
373,Daniel,Martinez,daniel.martinez373@email.com,"9492 Main St, Boston, OH 34797"
374,Donald,Johnson,donald.johnson374@email.com,"3253 Main St, San Antonio, MA 13853"
375,William,Davis,william.davis375@email.com,"8861 Main St, San Diego, PA 34413"
376,Charles,Harris,charles.harris376@email.com,"2130 Main St, Houston, OR 87961"
377,Ava,Davis,ava.davis377@email.com,"989 Main St, Las Vegas, PA 25502"
378,Anthony,Johnson,anthony.johnson378@email.com,"5593 Main St, Portland, TX 21107"
379,Emma,Smith,emma.smith379@email.com,"7914 Main St, Philadelphia, TX 92548"
380,David,Lopez,david.lopez380@email.com,"6007 Main St, San Francisco, TN 44448"
381,Robert,Ramirez,robert.ramirez381@email.com,"2703 Main St, Philadelphia, OH 67286"
382,Ava,Anderson,ava.anderson382@email.com,"6927 Main St, Las Vegas, NV 77604"
383,David,Wilson,david.wilson383@email.com,"3368 Main St, Phoenix, CO 49040"
384,Robert,Ramirez,robert.ramirez384@email.com,"1479 Main St, Denver, TN 81193"
385,William,Sanchez,william.sanchez385@email.com,"7400 Main St, San Jose, TN 93770"
386,John,Hernandez,john.hernandez386@email.com,"3923 Main St, Indianapolis, NY 31501"
387,Harper,Perez,harper.perez387@email.com,"3287 Main St, Philadelphia, MA 38045"
388,Emma,Lopez,emma.lopez388@email.com,"165 Main St, Boston, NY 44514"
389,Harper,Gonzalez,harper.gonzalez389@email.com,"2612 Main St, San Jose, FL 82879"
390,Sophia,Hernandez,sophia.hernandez390@email.com,"6850 Main St, Detroit, PA 93645"
391,Ava,Rodriguez,ava.rodriguez391@email.com,"4655 Main St, Charlotte, TX 18346"
392,Anthony,Williams,anthony.williams392@email.com,"1214 Main St, Boston, CA 77743"
393,Amelia,Lopez,amelia.lopez393@email.com,"6601 Main St, Indianapolis, AZ 46676"
394,Isabella,Lewis,isabella.lewis394@email.com,"3469 Main St, San Diego, OH 40146"
395,Charlotte,Sanchez,charlotte.sanchez395@email.com,"3461 Main St, Fort Worth, CA 73692"
396,Abigail,Anderson,abigail.anderson396@email.com,"5229 Main St, Austin, AZ 73403"
397,Olivia,Moore,olivia.moore397@email.com,"2549 Main St, Indianapolis, AZ 47785"
398,Richard,Brown,richard.brown398@email.com,"3272 Main St, Charlotte, WA 39853"
399,Donald,Wilson,donald.wilson399@email.com,"4196 Main St, Las Vegas, MA 98474"
400,Amelia,Hernandez,amelia.hernandez400@email.com,"2790 Main St, Miami, MA 30955"
401,Daniel,Williams,daniel.williams401@email.com,"2808 Main St, Houston, CA 88862"
402,Richard,Lee,richard.lee402@email.com,"3969 Main St, San Antonio, CO 71797"
403,Isabella,White,isabella.white403@email.com,"4207 Main St, Boston, OH 78751"
404,Elizabeth,Hernandez,elizabeth.hernandez404@email.com,"2042 Main St, Denver, PA 49439"
405,James,Rodriguez,james.rodriguez405@email.com,"7269 Main St, Portland, OR 17114"
406,Mark,Garcia,mark.garcia406@email.com,"681 Main St, Boston, MA 55279"
407,Matthew,Harris,matthew.harris407@email.com,"1326 Main St, Los Angeles, OR 99936"
408,Elizabeth,Jackson,elizabeth.jackson408@email.com,"644 Main St, Charlotte, TN 57204"
409,Isabella,Sanchez,isabella.sanchez409@email.com,"5445 Main St, Philadelphia, PA 15035"
410,Mark,Clark,mark.clark410@email.com,"210 Main St, Detroit, FL 13664"
411,Thomas,Wilson,thomas.wilson411@email.com,"2115 Main St, Dallas, TX 96876"
412,Michael,Clark,michael.clark412@email.com,"296 Main St, New York, IL 87034"
413,Anthony,Ramirez,anthony.ramirez413@email.com,"9777 Main St, Denver, CO 60832"
414,Michael,Jackson,michael.jackson414@email.com,"7467 Main St, Columbus, NV 90843"
415,Charlotte,Moore,charlotte.moore415@email.com,"1857 Main St, Portland, MI 42204"
416,Elizabeth,Gonzalez,elizabeth.gonzalez416@email.com,"5523 Main St, New York, PA 43735"
417,Emma,Miller,emma.miller417@email.com,"3495 Main St, Columbus, TN 98032"
418,Emily,Clark,emily.clark418@email.com,"2007 Main St, Denver, TN 96307"
419,Olivia,Sanchez,olivia.sanchez419@email.com,"8121 Main St, Chicago, FL 26686"
420,Joseph,Williams,joseph.williams420@email.com,"9559 Main St, Chicago, TN 38438"
421,Joseph,Rodriguez,joseph.rodriguez421@email.com,"3562 Main St, New York, NC 40254"
422,Evelyn,Martin,evelyn.martin422@email.com,"9952 Main St, Las Vegas, CA 97374"
423,Harper,Harris,harper.harris423@email.com,"2490 Main St, Boston, OR 92031"
424,Sophia,Martinez,sophia.martinez424@email.com,"5216 Main St, Nashville, AZ 79453"
425,Mark,Jackson,mark.jackson425@email.com,"8425 Main St, San Francisco, MA 49464"
426,Evelyn,Taylor,evelyn.taylor426@email.com,"2575 Main St, Portland, NY 62914"
427,Isabella,Smith,isabella.smith427@email.com,"6683 Main St, Philadelphia, MI 63112"
428,Robert,Lopez,robert.lopez428@email.com,"1396 Main St, Detroit, NV 13317"
429,William,Lopez,william.lopez429@email.com,"1596 Main St, Houston, MA 87079"
430,Sofia,Garcia,sofia.garcia430@email.com,"5382 Main St, Columbus, IL 12329"
431,James,White,james.white431@email.com,"2423 Main St, San Francisco, OR 26552"
432,Matthew,Robinson,matthew.robinson432@email.com,"3321 Main St, Dallas, AZ 36438"
433,James,Thomas,james.thomas433@email.com,"1992 Main St, Phoenix, NY 33765"
434,Daniel,Davis,daniel.davis434@email.com,"5472 Main St, Detroit, TN 16795"
435,Matthew,Martin,matthew.martin435@email.com,"8749 Main St, Nashville, CO 53751"
436,Donald,Smith,donald.smith436@email.com,"2656 Main St, Denver, NY 41490"
437,Anthony,Gonzalez,anthony.gonzalez437@email.com,"3269 Main St, Philadelphia, MA 10275"
438,Harper,Gonzalez,harper.gonzalez438@email.com,"3963 Main St, Columbus, MI 68442"
439,Charlotte,Garcia,charlotte.garcia439@email.com,"4592 Main St, Portland, OR 76488"
440,Mia,Miller,mia.miller440@email.com,"8945 Main St, San Antonio, CA 46687"
441,Mia,Clark,mia.clark441@email.com,"4276 Main St, San Antonio, NY 77079"
442,Sofia,Gonzalez,sofia.gonzalez442@email.com,"4937 Main St, Boston, NV 56327"
443,Abigail,Perez,abigail.perez443@email.com,"8629 Main St, New York, NC 34117"
444,Elizabeth,Miller,elizabeth.miller444@email.com,"905 Main St, Jacksonville, TN 89357"
445,Abigail,Perez,abigail.perez445@email.com,"9966 Main St, Philadelphia, NV 31195"
446,Olivia,Thompson,olivia.thompson446@email.com,"8885 Main St, Indianapolis, TN 44148"
447,Thomas,Martinez,thomas.martinez447@email.com,"3369 Main St, Chicago, OR 45461"
448,Emily,Johnson,emily.johnson448@email.com,"9945 Main St, Portland, CA 59092"
449,Sofia,Garcia,sofia.garcia449@email.com,"199 Main St, San Diego, MI 14269"
450,Abigail,Hernandez,abigail.hernandez450@email.com,"4734 Main St, Columbus, OH 94187"
451,Avery,Ramirez,avery.ramirez451@email.com,"2562 Main St, Seattle, OR 57044"
452,Anthony,Williams,anthony.williams452@email.com,"990 Main St, Boston, TX 64940"
453,Isabella,Davis,isabella.davis453@email.com,"301 Main St, San Jose, OH 32920"
454,Ava,Harris,ava.harris454@email.com,"7200 Main St, Phoenix, CO 24128"
455,Harper,White,harper.white455@email.com,"8574 Main St, San Francisco, CO 79248"
456,Donald,Hernandez,donald.hernandez456@email.com,"2669 Main St, Seattle, MA 72226"
457,Avery,Garcia,avery.garcia457@email.com,"7992 Main St, Columbus, TN 25477"
458,James,Martinez,james.martinez458@email.com,"6263 Main St, Boston, CA 50155"
459,Mark,Gonzalez,mark.gonzalez459@email.com,"815 Main St, New York, NC 10241"
460,Elizabeth,Sanchez,elizabeth.sanchez460@email.com,"415 Main St, Boston, MA 27394"
461,Emily,Thompson,emily.thompson461@email.com,"6566 Main St, Phoenix, NC 34628"
462,Emily,Lewis,emily.lewis462@email.com,"3003 Main St, Phoenix, MA 25995"
463,Mark,Miller,mark.miller463@email.com,"5049 Main St, San Jose, AZ 32154"
464,Evelyn,Clark,evelyn.clark464@email.com,"6569 Main St, Detroit, OR 45194"
465,Avery,Sanchez,avery.sanchez465@email.com,"4945 Main St, Miami, OH 77142"
466,Donald,Wilson,donald.wilson466@email.com,"1821 Main St, Phoenix, FL 87068"
467,Anthony,Davis,anthony.davis467@email.com,"4051 Main St, Boston, NC 51323"
468,Robert,Perez,robert.perez468@email.com,"2507 Main St, Nashville, NC 51047"
469,Robert,Martin,robert.martin469@email.com,"514 Main St, Dallas, CO 62483"
470,Richard,Lee,richard.lee470@email.com,"3044 Main St, San Francisco, TX 11296"
471,Anthony,Gonzalez,anthony.gonzalez471@email.com,"4625 Main St, Los Angeles, NC 55666"
472,Matthew,Anderson,matthew.anderson472@email.com,"441 Main St, Austin, CO 29942"
473,Evelyn,Johnson,evelyn.johnson473@email.com,"7294 Main St, Charlotte, NC 59970"
474,Harper,Hernandez,harper.hernandez474@email.com,"4795 Main St, Columbus, MA 87428"
475,Emily,Lopez,emily.lopez475@email.com,"4098 Main St, Los Angeles, NY 27115"
476,Donald,Gonzalez,donald.gonzalez476@email.com,"876 Main St, San Antonio, OR 62126"
477,Daniel,Garcia,daniel.garcia477@email.com,"5914 Main St, San Jose, NV 79825"
478,Avery,Lewis,avery.lewis478@email.com,"1063 Main St, San Jose, IL 49974"
479,Charles,Martinez,charles.martinez479@email.com,"4618 Main St, Las Vegas, PA 14717"
480,Charlotte,Moore,charlotte.moore480@email.com,"4681 Main St, Indianapolis, WA 55289"
481,Isabella,Davis,isabella.davis481@email.com,"285 Main St, Columbus, NV 11133"
482,Harper,Lee,harper.lee482@email.com,"2285 Main St, Miami, MI 18493"
483,Matthew,Garcia,matthew.garcia483@email.com,"5994 Main St, Columbus, OR 30978"
484,Amelia,Smith,amelia.smith484@email.com,"3858 Main St, Boston, NV 49712"
485,Harper,Thomas,harper.thomas485@email.com,"9311 Main St, Chicago, TX 66851"
486,John,Brown,john.brown486@email.com,"5613 Main St, Boston, FL 71928"
487,Charlotte,Anderson,charlotte.anderson487@email.com,"6802 Main St, New York, CA 90706"
488,Abigail,Lewis,abigail.lewis488@email.com,"1007 Main St, Nashville, NV 14826"
489,Isabella,Gonzalez,isabella.gonzalez489@email.com,"8104 Main St, Charlotte, OR 75584"
490,Emily,Robinson,emily.robinson490@email.com,"3549 Main St, Los Angeles, AZ 40364"
491,Avery,Wilson,avery.wilson491@email.com,"7527 Main St, San Antonio, MA 49841"
492,Avery,Taylor,avery.taylor492@email.com,"5902 Main St, Indianapolis, NV 89500"
493,Elizabeth,Miller,elizabeth.miller493@email.com,"3202 Main St, Las Vegas, OR 77267"
494,Ava,Brown,ava.brown494@email.com,"4414 Main St, Columbus, NY 63095"
495,Abigail,Gonzalez,abigail.gonzalez495@email.com,"7045 Main St, New York, TN 86982"
496,Michael,Smith,michael.smith496@email.com,"1610 Main St, Los Angeles, AZ 12081"
497,Evelyn,Ramirez,evelyn.ramirez497@email.com,"3892 Main St, Jacksonville, NV 66230"
498,Mark,Martin,mark.martin498@email.com,"7824 Main St, Charlotte, NV 97269"
499,Amelia,Gonzalez,amelia.gonzalez499@email.com,"7168 Main St, Indianapolis, CO 21984"
500,Isabella,Jones,isabella.jones500@email.com,"6251 Main St, San Francisco, TX 58498"
501,Sophia,Rodriguez,sophia.rodriguez501@email.com,"3176 Main St, Detroit, CA 11484"
502,Michael,Ramirez,michael.ramirez502@email.com,"4626 Main St, Fort Worth, OR 81007"
503,Richard,Rodriguez,richard.rodriguez503@email.com,"2513 Main St, Austin, TX 35365"
504,John,Thompson,john.thompson504@email.com,"8364 Main St, Phoenix, CA 38169"
505,Emma,Taylor,emma.taylor505@email.com,"4680 Main St, Denver, AZ 59620"
506,James,Brown,james.brown506@email.com,"2560 Main St, Detroit, NV 38262"
507,Joseph,White,joseph.white507@email.com,"6022 Main St, Phoenix, TN 63027"
508,Sophia,Davis,sophia.davis508@email.com,"3445 Main St, San Francisco, MA 98850"
509,Emily,Thomas,emily.thomas509@email.com,"174 Main St, Seattle, NY 42190"
510,Isabella,Harris,isabella.harris510@email.com,"1955 Main St, San Diego, OH 62880"
511,Joseph,Harris,joseph.harris511@email.com,"3203 Main St, New York, AZ 15788"
512,Sofia,Johnson,sofia.johnson512@email.com,"1260 Main St, Houston, CA 15393"
513,Emily,Davis,emily.davis513@email.com,"6109 Main St, Detroit, AZ 95210"
514,Charlotte,Perez,charlotte.perez514@email.com,"6483 Main St, Philadelphia, NY 67101"
515,Mark,Lee,mark.lee515@email.com,"9343 Main St, San Antonio, CA 11636"
516,Olivia,Anderson,olivia.anderson516@email.com,"360 Main St, San Diego, PA 17011"
517,Anthony,Hernandez,anthony.hernandez517@email.com,"4812 Main St, San Diego, FL 77905"
518,William,Lewis,william.lewis518@email.com,"9811 Main St, Las Vegas, OR 79312"
519,Harper,Gonzalez,harper.gonzalez519@email.com,"3847 Main St, San Jose, CA 49161"
520,Charlotte,Williams,charlotte.williams520@email.com,"9486 Main St, Seattle, NV 55428"
521,Isabella,Williams,isabella.williams521@email.com,"8743 Main St, San Diego, CO 75786"
522,Charles,Jackson,charles.jackson522@email.com,"5693 Main St, Houston, AZ 12210"
523,Charlotte,Brown,charlotte.brown523@email.com,"7195 Main St, Nashville, CO 81930"
524,Elizabeth,Williams,elizabeth.williams524@email.com,"3154 Main St, Nashville, OR 95004"
525,James,Jones,james.jones525@email.com,"4770 Main St, San Jose, MA 81874"
526,Isabella,Robinson,isabella.robinson526@email.com,"8714 Main St, San Antonio, FL 83070"
527,William,Sanchez,william.sanchez527@email.com,"5729 Main St, Dallas, TX 43982"
528,Robert,Gonzalez,robert.gonzalez528@email.com,"2817 Main St, Phoenix, CO 29827"
529,Elizabeth,Clark,elizabeth.clark529@email.com,"9075 Main St, Houston, NC 21641"
530,Daniel,White,daniel.white530@email.com,"1709 Main St, Miami, CO 33217"
531,Daniel,Ramirez,daniel.ramirez531@email.com,"5466 Main St, Miami, WA 38792"
532,Abigail,Perez,abigail.perez532@email.com,"5010 Main St, Nashville, NV 23447"
533,Michael,Lewis,michael.lewis533@email.com,"6472 Main St, Fort Worth, OR 28840"
534,Evelyn,Lopez,evelyn.lopez534@email.com,"3204 Main St, Detroit, IL 37366"
535,Richard,Garcia,richard.garcia535@email.com,"8996 Main St, New York, NV 87117"
536,Michael,Lee,michael.lee536@email.com,"6994 Main St, Los Angeles, TN 92970"
537,Emma,Miller,emma.miller537@email.com,"5970 Main St, Houston, WA 16663"
538,Mark,Rodriguez,mark.rodriguez538@email.com,"7803 Main St, San Diego, FL 65491"
539,Ava,Anderson,ava.anderson539@email.com,"3033 Main St, Fort Worth, PA 42869"
540,Abigail,Miller,abigail.miller540@email.com,"7792 Main St, Nashville, IL 72540"
541,Daniel,Taylor,daniel.taylor541@email.com,"2290 Main St, Philadelphia, MI 99052"
542,Mark,Johnson,mark.johnson542@email.com,"7343 Main St, San Jose, WA 32300"
543,Isabella,Brown,isabella.brown543@email.com,"8731 Main St, Seattle, PA 57671"
544,Sofia,Jones,sofia.jones544@email.com,"9051 Main St, Houston, AZ 44765"
545,Robert,Davis,robert.davis545@email.com,"8590 Main St, Nashville, FL 86547"
546,Emma,White,emma.white546@email.com,"3170 Main St, Denver, WA 98574"
547,Evelyn,Ramirez,evelyn.ramirez547@email.com,"3442 Main St, New York, MA 58043"
548,Amelia,Sanchez,amelia.sanchez548@email.com,"7405 Main St, Charlotte, FL 31895"
549,Isabella,Davis,isabella.davis549@email.com,"8541 Main St, Portland, CO 65106"
550,Mark,Lopez,mark.lopez550@email.com,"5654 Main St, Nashville, TX 45187"
551,Evelyn,White,evelyn.white551@email.com,"5841 Main St, Nashville, WA 75076"
552,Daniel,Thomas,daniel.thomas552@email.com,"560 Main St, Dallas, OH 77786"
553,Thomas,Hernandez,thomas.hernandez553@email.com,"2416 Main St, Denver, CA 54089"
554,Mark,Garcia,mark.garcia554@email.com,"4926 Main St, Columbus, IL 13641"
555,Matthew,Rodriguez,matthew.rodriguez555@email.com,"8243 Main St, New York, MA 72775"
556,Joseph,Clark,joseph.clark556@email.com,"4784 Main St, Detroit, IL 28034"
557,Abigail,Williams,abigail.williams557@email.com,"2510 Main St, Fort Worth, AZ 90406"
558,Michael,Miller,michael.miller558@email.com,"8137 Main St, Miami, WA 22334"
559,Sophia,White,sophia.white559@email.com,"5950 Main St, Indianapolis, TN 74293"
560,Amelia,Robinson,amelia.robinson560@email.com,"946 Main St, San Antonio, NY 50316"
561,Elizabeth,Ramirez,elizabeth.ramirez561@email.com,"2182 Main St, New York, OR 25975"
562,Thomas,Johnson,thomas.johnson562@email.com,"5817 Main St, Indianapolis, IL 58559"
563,Evelyn,Ramirez,evelyn.ramirez563@email.com,"7425 Main St, Chicago, FL 50459"
564,Michael,Miller,michael.miller564@email.com,"1912 Main St, Denver, MA 61642"
565,Emily,Moore,emily.moore565@email.com,"9171 Main St, Nashville, MI 39698"
566,Elizabeth,Garcia,elizabeth.garcia566@email.com,"5305 Main St, Dallas, MI 99940"
567,Elizabeth,Lee,elizabeth.lee567@email.com,"3161 Main St, Portland, MA 68025"
568,David,Thompson,david.thompson568@email.com,"3872 Main St, New York, NY 77338"
569,Evelyn,Taylor,evelyn.taylor569@email.com,"9983 Main St, Detroit, CA 33255"
570,Mia,Robinson,mia.robinson570@email.com,"3821 Main St, Miami, CA 33976"
571,Matthew,Sanchez,matthew.sanchez571@email.com,"3992 Main St, New York, NY 97762"
572,Amelia,Brown,amelia.brown572@email.com,"4298 Main St, Dallas, MA 15042"
573,Charlotte,Davis,charlotte.davis573@email.com,"9120 Main St, Detroit, MI 81645"
574,Sophia,Miller,sophia.miller574@email.com,"8612 Main St, Charlotte, MI 57701"
575,Sofia,Johnson,sofia.johnson575@email.com,"9818 Main St, San Antonio, CA 52150"
576,Elizabeth,Miller,elizabeth.miller576@email.com,"675 Main St, Boston, OH 23820"
577,Mark,Brown,mark.brown577@email.com,"1262 Main St, Nashville, TN 45631"
578,Elizabeth,Lee,elizabeth.lee578@email.com,"2435 Main St, San Diego, FL 88584"
579,Charlotte,Anderson,charlotte.anderson579@email.com,"2250 Main St, Detroit, WA 70615"
580,David,Davis,david.davis580@email.com,"8384 Main St, San Jose, MA 46418"
581,David,Lee,david.lee581@email.com,"8491 Main St, Austin, IL 61079"
582,Michael,Harris,michael.harris582@email.com,"7509 Main St, Jacksonville, NY 23482"
583,Harper,Taylor,harper.taylor583@email.com,"3783 Main St, New York, FL 27303"
584,Daniel,Rodriguez,daniel.rodriguez584@email.com,"1792 Main St, Austin, FL 56301"
585,Ava,Anderson,ava.anderson585@email.com,"3638 Main St, Dallas, FL 81707"
586,Charles,Miller,charles.miller586@email.com,"3083 Main St, Charlotte, IL 62374"
587,William,Moore,william.moore587@email.com,"345 Main St, Las Vegas, NY 29822"
588,David,Davis,david.davis588@email.com,"8219 Main St, Portland, FL 31989"
589,Ava,Harris,ava.harris589@email.com,"8863 Main St, Dallas, TN 41112"
590,Matthew,White,matthew.white590@email.com,"8231 Main St, Nashville, CO 39000"
591,Mark,Perez,mark.perez591@email.com,"8340 Main St, Philadelphia, TN 39010"
592,Richard,Rodriguez,richard.rodriguez592@email.com,"1982 Main St, Chicago, PA 19170"
593,Abigail,Lewis,abigail.lewis593@email.com,"7022 Main St, Phoenix, PA 40644"
594,William,Ramirez,william.ramirez594@email.com,"3558 Main St, Denver, PA 79833"
595,David,Johnson,david.johnson595@email.com,"9130 Main St, Los Angeles, OH 23830"
596,Charlotte,Smith,charlotte.smith596@email.com,"5341 Main St, Seattle, OH 92074"
597,Joseph,Lee,joseph.lee597@email.com,"6835 Main St, San Jose, WA 40785"
598,Harper,Jones,harper.jones598@email.com,"4529 Main St, Jacksonville, OR 34253"
599,Charles,Miller,charles.miller599@email.com,"6350 Main St, Detroit, NC 30732"
600,Thomas,Taylor,thomas.taylor600@email.com,"9342 Main St, San Francisco, NV 60655"
601,Harper,Lewis,harper.lewis601@email.com,"9308 Main St, Las Vegas, OR 94519"
602,Isabella,Anderson,isabella.anderson602@email.com,"1230 Main St, Philadelphia, FL 69894"
603,Emily,Thomas,emily.thomas603@email.com,"6328 Main St, San Francisco, NV 81238"
604,Richard,Wilson,richard.wilson604@email.com,"4686 Main St, Los Angeles, NY 56630"
605,Emma,Hernandez,emma.hernandez605@email.com,"7410 Main St, Miami, OH 36713"
606,Charlotte,Garcia,charlotte.garcia606@email.com,"9871 Main St, Columbus, CO 33787"
607,Avery,Rodriguez,avery.rodriguez607@email.com,"5449 Main St, Los Angeles, MI 41432"
608,Robert,Gonzalez,robert.gonzalez608@email.com,"5417 Main St, Fort Worth, MI 35397"
609,Isabella,Harris,isabella.harris609@email.com,"6281 Main St, Detroit, MA 85960"
610,Richard,Robinson,richard.robinson610@email.com,"6885 Main St, Jacksonville, CO 77207"
611,Michael,Gonzalez,michael.gonzalez611@email.com,"9192 Main St, Chicago, PA 70876"
612,Charles,Garcia,charles.garcia612@email.com,"6943 Main St, Austin, OR 18282"
613,David,Thomas,david.thomas613@email.com,"3072 Main St, Jacksonville, TX 65739"
614,Elizabeth,Harris,elizabeth.harris614@email.com,"8625 Main St, San Francisco, WA 40362"
615,James,Martinez,james.martinez615@email.com,"3664 Main St, Phoenix, NC 32866"
616,John,Lopez,john.lopez616@email.com,"3817 Main St, Dallas, PA 58003"
617,Mia,Smith,mia.smith617@email.com,"2736 Main St, Las Vegas, CO 34436"
618,Mark,Taylor,mark.taylor618@email.com,"6054 Main St, Chicago, OH 34111"
619,Emma,Rodriguez,emma.rodriguez619@email.com,"1999 Main St, Chicago, MI 38910"
620,Emily,Brown,emily.brown620@email.com,"461 Main St, Detroit, IL 34688"
621,Elizabeth,Brown,elizabeth.brown621@email.com,"1882 Main St, Dallas, CA 54805"
622,Charlotte,Thompson,charlotte.thompson622@email.com,"1862 Main St, Miami, IL 90947"
623,Charlotte,Sanchez,charlotte.sanchez623@email.com,"4887 Main St, Chicago, OH 62767"
624,Daniel,Brown,daniel.brown624@email.com,"8264 Main St, Dallas, NC 50592"
625,Daniel,Martin,daniel.martin625@email.com,"8096 Main St, Portland, AZ 25607"
626,Daniel,Harris,daniel.harris626@email.com,"5954 Main St, San Diego, MI 88805"
627,Matthew,Lee,matthew.lee627@email.com,"339 Main St, Jacksonville, FL 81537"
628,Elizabeth,Johnson,elizabeth.johnson628@email.com,"8908 Main St, Houston, AZ 22132"
629,Donald,Hernandez,donald.hernandez629@email.com,"6571 Main St, Nashville, TX 83426"
630,Mia,Clark,mia.clark630@email.com,"4649 Main St, Jacksonville, FL 74164"
631,Harper,Williams,harper.williams631@email.com,"3111 Main St, Philadelphia, NY 44695"
632,Avery,Hernandez,avery.hernandez632@email.com,"1504 Main St, Houston, CA 94416"
633,Harper,Perez,harper.perez633@email.com,"6993 Main St, New York, PA 70511"
634,Elizabeth,Johnson,elizabeth.johnson634@email.com,"4198 Main St, Nashville, NY 13856"
635,Abigail,Lopez,abigail.lopez635@email.com,"1975 Main St, Boston, IL 16631"
636,Isabella,Martinez,isabella.martinez636@email.com,"3205 Main St, Jacksonville, OH 65447"
637,James,Moore,james.moore637@email.com,"9194 Main St, Boston, PA 80544"
638,Robert,Davis,robert.davis638@email.com,"1003 Main St, Boston, IL 59943"
639,Sophia,Davis,sophia.davis639@email.com,"5304 Main St, Las Vegas, OR 95747"
640,Donald,Martinez,donald.martinez640@email.com,"2884 Main St, San Jose, WA 52045"
641,Charlotte,Johnson,charlotte.johnson641@email.com,"7610 Main St, Denver, OH 45512"
642,Avery,Taylor,avery.taylor642@email.com,"534 Main St, Chicago, OR 81989"
643,Mia,Robinson,mia.robinson643@email.com,"4978 Main St, Boston, NC 59114"
644,Avery,Clark,avery.clark644@email.com,"2261 Main St, Seattle, NV 10443"
645,Matthew,Sanchez,matthew.sanchez645@email.com,"8258 Main St, Detroit, CA 15588"
646,Abigail,Taylor,abigail.taylor646@email.com,"791 Main St, San Diego, NC 85275"
647,Charles,Jones,charles.jones647@email.com,"7643 Main St, Las Vegas, MI 68343"
648,Ava,Johnson,ava.johnson648@email.com,"5685 Main St, Chicago, FL 33671"
649,Matthew,Moore,matthew.moore649@email.com,"4343 Main St, Jacksonville, TN 20116"
650,Amelia,Hernandez,amelia.hernandez650@email.com,"8601 Main St, Portland, OR 48842"
651,Mia,Clark,mia.clark651@email.com,"7646 Main St, Nashville, TN 94403"
652,Richard,Lee,richard.lee652@email.com,"9887 Main St, San Jose, NV 99377"
653,Anthony,Taylor,anthony.taylor653@email.com,"5392 Main St, San Diego, FL 93022"
654,Joseph,Perez,joseph.perez654@email.com,"3806 Main St, New York, MA 27475"
655,Isabella,Smith,isabella.smith655@email.com,"9798 Main St, Las Vegas, PA 77887"
656,Ava,Lewis,ava.lewis656@email.com,"8176 Main St, San Diego, NY 36755"
657,Thomas,Rodriguez,thomas.rodriguez657@email.com,"678 Main St, Indianapolis, FL 31806"
658,Michael,Taylor,michael.taylor658@email.com,"349 Main St, Fort Worth, OR 36879"
659,Daniel,Davis,daniel.davis659@email.com,"3020 Main St, Jacksonville, TX 38899"
660,William,Thompson,william.thompson660@email.com,"4061 Main St, Houston, MA 79464"
661,Matthew,Garcia,matthew.garcia661@email.com,"4101 Main St, Philadelphia, NC 44109"
662,Donald,Jackson,donald.jackson662@email.com,"9951 Main St, Boston, MI 45488"
663,William,Williams,william.williams663@email.com,"7326 Main St, Philadelphia, IL 67587"
664,Matthew,Wilson,matthew.wilson664@email.com,"3312 Main St, Indianapolis, FL 88667"
665,Amelia,Miller,amelia.miller665@email.com,"2080 Main St, Columbus, NV 59165"
666,Donald,Perez,donald.perez666@email.com,"8740 Main St, Philadelphia, IL 28580"
667,Isabella,Johnson,isabella.johnson667@email.com,"5000 Main St, Los Angeles, MA 74134"
668,Emma,Perez,emma.perez668@email.com,"2554 Main St, Charlotte, MA 36105"
669,Charlotte,Moore,charlotte.moore669@email.com,"6565 Main St, San Francisco, MA 29012"
670,Sophia,Garcia,sophia.garcia670@email.com,"3293 Main St, San Diego, NV 10067"
671,Mia,Martinez,mia.martinez671@email.com,"3990 Main St, Denver, WA 61845"
672,Charles,Taylor,charles.taylor672@email.com,"7924 Main St, Boston, IL 79822"
673,Amelia,Clark,amelia.clark673@email.com,"2314 Main St, San Francisco, CO 49067"
674,Harper,Davis,harper.davis674@email.com,"9832 Main St, Nashville, OH 93600"
675,Michael,Williams,michael.williams675@email.com,"9947 Main St, Fort Worth, NV 88057"
676,Robert,Gonzalez,robert.gonzalez676@email.com,"2821 Main St, Miami, WA 81201"
677,Richard,Williams,richard.williams677@email.com,"5901 Main St, Las Vegas, TX 59628"
678,Elizabeth,Lopez,elizabeth.lopez678@email.com,"273 Main St, Columbus, NY 83479"
679,Robert,Thompson,robert.thompson679@email.com,"6362 Main St, Fort Worth, OR 49200"
680,Ava,Lewis,ava.lewis680@email.com,"5842 Main St, San Francisco, CO 10059"
681,John,Rodriguez,john.rodriguez681@email.com,"4063 Main St, San Antonio, AZ 66731"
682,Charlotte,Lee,charlotte.lee682@email.com,"7928 Main St, Houston, FL 17568"
683,Emily,Thompson,emily.thompson683@email.com,"1561 Main St, Indianapolis, MI 86423"
684,Robert,Lopez,robert.lopez684@email.com,"5226 Main St, San Francisco, CA 54432"
685,Charles,Ramirez,charles.ramirez685@email.com,"3542 Main St, Las Vegas, CA 89336"
686,Anthony,Smith,anthony.smith686@email.com,"3444 Main St, Houston, WA 51766"
687,Emily,Harris,emily.harris687@email.com,"4350 Main St, New York, WA 20261"
688,Elizabeth,Jones,elizabeth.jones688@email.com,"3732 Main St, Detroit, AZ 11215"
689,Charlotte,Perez,charlotte.perez689@email.com,"3278 Main St, Nashville, OH 66259"
690,Emma,Williams,emma.williams690@email.com,"8381 Main St, Philadelphia, OH 41337"
691,Mia,Lopez,mia.lopez691@email.com,"3707 Main St, Detroit, NY 80156"
692,Donald,Martinez,donald.martinez692@email.com,"2386 Main St, Seattle, OR 37927"
693,Abigail,Harris,abigail.harris693@email.com,"9614 Main St, Portland, WA 80037"
694,Charles,Robinson,charles.robinson694@email.com,"2272 Main St, San Francisco, TX 24403"
695,Joseph,Rodriguez,joseph.rodriguez695@email.com,"274 Main St, Las Vegas, NV 15641"
696,Emma,Wilson,emma.wilson696@email.com,"1770 Main St, Phoenix, TX 30649"
697,Isabella,Robinson,isabella.robinson697@email.com,"6458 Main St, Portland, OR 86777"
698,Mark,Anderson,mark.anderson698@email.com,"7297 Main St, Boston, AZ 64268"
699,William,Hernandez,william.hernandez699@email.com,"3697 Main St, Boston, TN 57667"
700,David,Gonzalez,david.gonzalez700@email.com,"949 Main St, San Jose, TN 89720"
701,Charles,Clark,charles.clark701@email.com,"4644 Main St, Las Vegas, NY 70743"
702,Mia,Lopez,mia.lopez702@email.com,"4588 Main St, Dallas, IL 63059"
703,Avery,Johnson,avery.johnson703@email.com,"337 Main St, San Francisco, WA 18123"
704,Sofia,Harris,sofia.harris704@email.com,"526 Main St, Houston, IL 80004"
705,Abigail,Perez,abigail.perez705@email.com,"6447 Main St, New York, MI 15060"
706,Robert,Sanchez,robert.sanchez706@email.com,"9570 Main St, San Diego, TX 76382"
707,Sofia,Thompson,sofia.thompson707@email.com,"9114 Main St, Denver, MA 15997"
708,Joseph,Davis,joseph.davis708@email.com,"5769 Main St, San Diego, CA 34970"
709,Michael,Lee,michael.lee709@email.com,"7273 Main St, Dallas, WA 32748"
710,Mark,Hernandez,mark.hernandez710@email.com,"5197 Main St, Boston, TN 84658"
711,Olivia,Johnson,olivia.johnson711@email.com,"9721 Main St, Fort Worth, TN 12240"
712,Sofia,Miller,sofia.miller712@email.com,"6152 Main St, Dallas, OR 93838"
713,Harper,Williams,harper.williams713@email.com,"7637 Main St, Houston, CO 45003"
714,Matthew,Moore,matthew.moore714@email.com,"6983 Main St, Austin, AZ 93616"
715,James,Anderson,james.anderson715@email.com,"1650 Main St, Chicago, IL 79465"
716,Anthony,Garcia,anthony.garcia716@email.com,"9634 Main St, Charlotte, OR 53745"
717,Emma,Martinez,emma.martinez717@email.com,"6605 Main St, Philadelphia, TX 54917"
718,Charlotte,Clark,charlotte.clark718@email.com,"2452 Main St, Las Vegas, OR 84165"
719,Harper,Wilson,harper.wilson719@email.com,"6303 Main St, Portland, IL 74890"
720,Elizabeth,Hernandez,elizabeth.hernandez720@email.com,"7524 Main St, Indianapolis, NY 26149"
721,Evelyn,Johnson,evelyn.johnson721@email.com,"9721 Main St, Chicago, NY 11965"
722,Charles,Lopez,charles.lopez722@email.com,"7419 Main St, Charlotte, IL 73950"
723,Sophia,Clark,sophia.clark723@email.com,"5005 Main St, San Antonio, AZ 59309"
724,Michael,White,michael.white724@email.com,"955 Main St, Boston, TN 12166"
725,Avery,Robinson,avery.robinson725@email.com,"5511 Main St, Miami, NC 19591"
726,Mark,Robinson,mark.robinson726@email.com,"4210 Main St, Chicago, TN 49072"
727,Olivia,Martin,olivia.martin727@email.com,"7276 Main St, Detroit, IL 67162"
728,Anthony,Clark,anthony.clark728@email.com,"8346 Main St, San Diego, TN 98919"
729,Emma,Thompson,emma.thompson729@email.com,"6880 Main St, Boston, WA 45828"
730,Michael,Clark,michael.clark730@email.com,"737 Main St, Dallas, MA 98206"
731,Sofia,Rodriguez,sofia.rodriguez731@email.com,"6335 Main St, Philadelphia, AZ 85659"
732,Avery,White,avery.white732@email.com,"1303 Main St, Fort Worth, PA 79343"
733,Evelyn,Lee,evelyn.lee733@email.com,"6185 Main St, San Antonio, MI 39784"
734,Michael,Thomas,michael.thomas734@email.com,"6610 Main St, Denver, CA 68399"
735,Charlotte,White,charlotte.white735@email.com,"8953 Main St, Houston, NY 68452"
736,Emma,Davis,emma.davis736@email.com,"474 Main St, Detroit, OH 74202"
737,Olivia,Williams,olivia.williams737@email.com,"9463 Main St, Indianapolis, TX 36937"
738,Donald,Davis,donald.davis738@email.com,"6901 Main St, New York, WA 70815"
739,John,Lopez,john.lopez739@email.com,"4938 Main St, Indianapolis, OR 52052"
740,Donald,Lewis,donald.lewis740@email.com,"2660 Main St, Seattle, AZ 17397"
741,Sofia,Hernandez,sofia.hernandez741@email.com,"1049 Main St, Boston, AZ 49630"
742,Emily,Robinson,emily.robinson742@email.com,"2656 Main St, Phoenix, NC 54924"
743,William,Robinson,william.robinson743@email.com,"9096 Main St, Jacksonville, CA 92550"
744,Ava,Thompson,ava.thompson744@email.com,"9796 Main St, Dallas, CO 15905"
745,Isabella,Clark,isabella.clark745@email.com,"6855 Main St, Chicago, OR 33325"
746,Donald,Hernandez,donald.hernandez746@email.com,"9343 Main St, Nashville, OH 19123"
747,Mark,Martinez,mark.martinez747@email.com,"672 Main St, Charlotte, WA 18316"
748,Thomas,Jones,thomas.jones748@email.com,"9897 Main St, Columbus, AZ 72961"
749,Richard,Davis,richard.davis749@email.com,"7670 Main St, Phoenix, MI 45306"
750,Matthew,Lee,matthew.lee750@email.com,"4127 Main St, Indianapolis, NV 65299"
751,Emily,Smith,emily.smith751@email.com,"6592 Main St, Miami, CO 15266"
752,William,Thomas,william.thomas752@email.com,"9982 Main St, Los Angeles, NC 19061"
753,David,Thomas,david.thomas753@email.com,"9968 Main St, Nashville, TN 78081"
754,Sophia,Sanchez,sophia.sanchez754@email.com,"4703 Main St, Chicago, WA 84137"
755,Charles,Clark,charles.clark755@email.com,"604 Main St, Denver, NY 62870"
756,Amelia,Taylor,amelia.taylor756@email.com,"2075 Main St, Boston, TX 88817"
757,Emily,Ramirez,emily.ramirez757@email.com,"9039 Main St, Las Vegas, NY 30574"
758,Robert,Miller,robert.miller758@email.com,"1153 Main St, Columbus, CO 68101"
759,John,Taylor,john.taylor759@email.com,"5635 Main St, Denver, PA 36408"
760,Anthony,White,anthony.white760@email.com,"1231 Main St, Fort Worth, TN 16729"
761,William,Moore,william.moore761@email.com,"5969 Main St, Seattle, OR 11961"
762,Robert,Taylor,robert.taylor762@email.com,"2483 Main St, San Francisco, AZ 97258"
763,Emily,Thompson,emily.thompson763@email.com,"5356 Main St, Fort Worth, PA 16327"
764,Evelyn,Martinez,evelyn.martinez764@email.com,"6709 Main St, San Francisco, NV 66732"
765,Robert,Taylor,robert.taylor765@email.com,"2462 Main St, Seattle, CO 97288"
766,John,Hernandez,john.hernandez766@email.com,"3520 Main St, Miami, NV 88879"
767,Elizabeth,Anderson,elizabeth.anderson767@email.com,"9758 Main St, Detroit, MA 18592"
768,Avery,Harris,avery.harris768@email.com,"2002 Main St, Jacksonville, NC 78972"
769,Amelia,Jones,amelia.jones769@email.com,"5102 Main St, Boston, PA 93480"
770,Emily,White,emily.white770@email.com,"7008 Main St, Jacksonville, OH 38157"
771,Joseph,Taylor,joseph.taylor771@email.com,"4866 Main St, Indianapolis, MA 91146"
772,Sophia,Martinez,sophia.martinez772@email.com,"3537 Main St, Fort Worth, NY 87306"
773,Isabella,Smith,isabella.smith773@email.com,"2847 Main St, Austin, AZ 39949"
774,William,Brown,william.brown774@email.com,"4310 Main St, Dallas, OR 86420"
775,Mia,Davis,mia.davis775@email.com,"2015 Main St, Dallas, AZ 16704"
776,Michael,Rodriguez,michael.rodriguez776@email.com,"2415 Main St, New York, MI 70826"
777,Mia,Brown,mia.brown777@email.com,"2030 Main St, Phoenix, TX 13331"
778,Charlotte,Robinson,charlotte.robinson778@email.com,"4975 Main St, Portland, NC 37412"
779,Sofia,Harris,sofia.harris779@email.com,"8702 Main St, San Diego, NY 20796"
780,Matthew,Robinson,matthew.robinson780@email.com,"496 Main St, Seattle, OH 79743"
781,Mia,Anderson,mia.anderson781@email.com,"3605 Main St, Seattle, FL 53638"
782,Evelyn,Brown,evelyn.brown782@email.com,"5376 Main St, Las Vegas, NC 53408"
783,David,Williams,david.williams783@email.com,"1098 Main St, San Jose, WA 83899"
784,David,Harris,david.harris784@email.com,"7054 Main St, Dallas, NY 54979"
785,James,Martin,james.martin785@email.com,"4967 Main St, Seattle, PA 14152"
786,Elizabeth,Robinson,elizabeth.robinson786@email.com,"2484 Main St, New York, CA 61655"
787,Sophia,Wilson,sophia.wilson787@email.com,"2308 Main St, Austin, FL 21387"
788,Donald,Sanchez,donald.sanchez788@email.com,"6443 Main St, San Jose, CA 22211"
789,Charles,Jones,charles.jones789@email.com,"6139 Main St, Phoenix, AZ 25923"
790,Richard,Williams,richard.williams790@email.com,"6729 Main St, Portland, IL 43865"
791,Mia,Garcia,mia.garcia791@email.com,"5369 Main St, Columbus, FL 89727"
792,Matthew,Thomas,matthew.thomas792@email.com,"5683 Main St, Jacksonville, FL 11262"
793,Elizabeth,Taylor,elizabeth.taylor793@email.com,"5768 Main St, Portland, AZ 68452"
794,Abigail,Miller,abigail.miller794@email.com,"4968 Main St, Miami, CO 96050"
795,Olivia,Martinez,olivia.martinez795@email.com,"384 Main St, Phoenix, TN 33810"
796,John,Martin,john.martin796@email.com,"3781 Main St, Chicago, TX 52050"
797,Abigail,Martinez,abigail.martinez797@email.com,"4929 Main St, Fort Worth, MI 34727"
798,Amelia,Hernandez,amelia.hernandez798@email.com,"3902 Main St, New York, PA 79592"
799,Joseph,Clark,joseph.clark799@email.com,"4929 Main St, New York, OH 73647"
800,David,Rodriguez,david.rodriguez800@email.com,"7230 Main St, Philadelphia, FL 55880"
801,David,Lee,david.lee801@email.com,"8629 Main St, Houston, OH 16026"
802,William,Robinson,william.robinson802@email.com,"2158 Main St, San Diego, OH 99617"
803,Richard,Rodriguez,richard.rodriguez803@email.com,"4724 Main St, Denver, MA 87168"
804,Donald,Miller,donald.miller804@email.com,"5594 Main St, Seattle, AZ 81254"
805,Joseph,Thomas,joseph.thomas805@email.com,"595 Main St, San Diego, TX 40807"
806,Thomas,Moore,thomas.moore806@email.com,"3277 Main St, Jacksonville, CO 57702"
807,Charlotte,Anderson,charlotte.anderson807@email.com,"7719 Main St, Chicago, MA 65793"
808,Michael,Williams,michael.williams808@email.com,"3265 Main St, San Diego, MI 58936"
809,Ava,Lee,ava.lee809@email.com,"1096 Main St, Houston, NY 91067"
810,Amelia,Perez,amelia.perez810@email.com,"3372 Main St, Detroit, MA 27448"
811,Daniel,Sanchez,daniel.sanchez811@email.com,"6643 Main St, Las Vegas, NV 49697"
812,Emily,White,emily.white812@email.com,"786 Main St, Nashville, AZ 31062"
813,Daniel,Moore,daniel.moore813@email.com,"7292 Main St, Indianapolis, NV 77926"
814,Charles,Martin,charles.martin814@email.com,"5450 Main St, San Antonio, FL 39430"
815,Evelyn,Clark,evelyn.clark815@email.com,"2494 Main St, Denver, OH 81277"
816,Evelyn,Martin,evelyn.martin816@email.com,"2177 Main St, San Diego, MI 38066"
817,Anthony,Wilson,anthony.wilson817@email.com,"6223 Main St, San Diego, FL 31697"
818,Harper,Martin,harper.martin818@email.com,"4408 Main St, Boston, NC 10085"
819,Harper,Martin,harper.martin819@email.com,"321 Main St, Las Vegas, IL 80804"
820,Olivia,Robinson,olivia.robinson820@email.com,"8440 Main St, Detroit, IL 65053"
821,Mark,Jackson,mark.jackson821@email.com,"3854 Main St, Austin, IL 86859"
822,Michael,Williams,michael.williams822@email.com,"6712 Main St, Austin, NV 46212"
823,James,Williams,james.williams823@email.com,"6891 Main St, Charlotte, WA 23137"
824,John,Thomas,john.thomas824@email.com,"2038 Main St, Chicago, WA 37556"
825,Daniel,Harris,daniel.harris825@email.com,"4492 Main St, San Diego, CA 89631"
826,Abigail,Lewis,abigail.lewis826@email.com,"8165 Main St, Austin, NY 97577"
827,John,Thomas,john.thomas827@email.com,"4665 Main St, Chicago, MA 74048"
828,John,Williams,john.williams828@email.com,"4043 Main St, Chicago, CO 11005"
829,Amelia,Clark,amelia.clark829@email.com,"7299 Main St, Austin, NY 47082"
830,Robert,Martin,robert.martin830@email.com,"5448 Main St, New York, NC 87187"
831,Richard,Williams,richard.williams831@email.com,"1372 Main St, Fort Worth, OR 43792"
832,William,Jones,william.jones832@email.com,"1414 Main St, Los Angeles, OR 75119"
833,Mark,Thompson,mark.thompson833@email.com,"1645 Main St, Los Angeles, OR 86887"
834,Thomas,Harris,thomas.harris834@email.com,"4036 Main St, Charlotte, CO 16189"
835,Robert,Hernandez,robert.hernandez835@email.com,"5347 Main St, Chicago, IL 10620"
836,Michael,Martinez,michael.martinez836@email.com,"4414 Main St, San Diego, TX 65989"
837,Matthew,Moore,matthew.moore837@email.com,"9023 Main St, San Jose, AZ 41361"
838,Thomas,Rodriguez,thomas.rodriguez838@email.com,"3510 Main St, San Antonio, PA 34125"
839,Harper,Moore,harper.moore839@email.com,"1273 Main St, Denver, FL 54064"
840,Donald,Thompson,donald.thompson840@email.com,"5956 Main St, Boston, CO 54583"
841,Daniel,Thompson,daniel.thompson841@email.com,"1717 Main St, Indianapolis, NV 16487"
842,James,Clark,james.clark842@email.com,"2529 Main St, Phoenix, NV 90578"
843,John,Moore,john.moore843@email.com,"9167 Main St, Charlotte, MA 53214"
844,Mark,Harris,mark.harris844@email.com,"6122 Main St, Phoenix, CO 17298"
845,Charlotte,Williams,charlotte.williams845@email.com,"7713 Main St, Miami, WA 81867"
846,Mia,Thompson,mia.thompson846@email.com,"6332 Main St, Houston, PA 82145"
847,Isabella,Moore,isabella.moore847@email.com,"5435 Main St, Houston, NV 45546"
848,Daniel,Clark,daniel.clark848@email.com,"7451 Main St, San Francisco, NY 35978"
849,Matthew,Hernandez,matthew.hernandez849@email.com,"6909 Main St, Philadelphia, OH 95788"
850,Emma,Williams,emma.williams850@email.com,"1763 Main St, Seattle, TN 59266"
851,Emma,Clark,emma.clark851@email.com,"3044 Main St, Nashville, WA 14729"
852,David,Anderson,david.anderson852@email.com,"5583 Main St, Charlotte, IL 29892"
853,Daniel,Thomas,daniel.thomas853@email.com,"7354 Main St, Boston, IL 63613"
854,Thomas,Davis,thomas.davis854@email.com,"5601 Main St, Dallas, WA 31392"
855,William,Lewis,william.lewis855@email.com,"9877 Main St, Las Vegas, OR 10371"
856,James,Lee,james.lee856@email.com,"789 Main St, Chicago, NV 52718"
857,Abigail,Miller,abigail.miller857@email.com,"6308 Main St, Dallas, NY 52612"
858,Isabella,Johnson,isabella.johnson858@email.com,"4370 Main St, San Jose, FL 69402"
859,Robert,Davis,robert.davis859@email.com,"2241 Main St, Dallas, NY 14771"
860,Emma,Ramirez,emma.ramirez860@email.com,"3701 Main St, San Antonio, TX 23633"
861,Sofia,Rodriguez,sofia.rodriguez861@email.com,"6237 Main St, Jacksonville, NV 21029"
862,Mia,Anderson,mia.anderson862@email.com,"5536 Main St, Boston, IL 19687"
863,Richard,Lewis,richard.lewis863@email.com,"2036 Main St, Seattle, TX 48609"
864,Harper,Johnson,harper.johnson864@email.com,"5323 Main St, Dallas, MI 56168"
865,Amelia,Perez,amelia.perez865@email.com,"5348 Main St, Philadelphia, NY 96693"
866,Charles,Ramirez,charles.ramirez866@email.com,"1732 Main St, San Francisco, CO 95507"
867,Donald,Martin,donald.martin867@email.com,"3910 Main St, Phoenix, WA 43888"
868,William,Davis,william.davis868@email.com,"6461 Main St, New York, CO 94793"
869,Emma,Thomas,emma.thomas869@email.com,"5646 Main St, Nashville, MI 82960"
870,Robert,Miller,robert.miller870@email.com,"8449 Main St, Miami, MA 79754"
871,Ava,Smith,ava.smith871@email.com,"4139 Main St, Phoenix, OR 76042"
872,Olivia,Thomas,olivia.thomas872@email.com,"7606 Main St, Houston, TX 91296"
873,Mia,Taylor,mia.taylor873@email.com,"5680 Main St, Austin, AZ 34393"
874,Isabella,Rodriguez,isabella.rodriguez874@email.com,"5529 Main St, Denver, PA 29560"
875,Emma,Jackson,emma.jackson875@email.com,"6953 Main St, Charlotte, NC 85000"
876,Harper,Williams,harper.williams876@email.com,"3433 Main St, Austin, OR 52791"
877,Sophia,Martinez,sophia.martinez877@email.com,"3139 Main St, Philadelphia, CO 18023"
878,Olivia,Harris,olivia.harris878@email.com,"6841 Main St, Detroit, NY 94338"
879,Elizabeth,Martinez,elizabeth.martinez879@email.com,"5259 Main St, Las Vegas, WA 54359"
880,Daniel,Lopez,daniel.lopez880@email.com,"6109 Main St, Fort Worth, NY 26501"
881,Elizabeth,Brown,elizabeth.brown881@email.com,"939 Main St, Austin, OH 83319"
882,Michael,Sanchez,michael.sanchez882@email.com,"3434 Main St, Jacksonville, NC 54164"
883,Elizabeth,Jackson,elizabeth.jackson883@email.com,"4768 Main St, San Diego, WA 88920"
884,Isabella,Thompson,isabella.thompson884@email.com,"4024 Main St, New York, TN 84727"
885,Matthew,Smith,matthew.smith885@email.com,"3102 Main St, Philadelphia, PA 42961"
886,Emily,Taylor,emily.taylor886@email.com,"1241 Main St, New York, IL 36453"
887,Donald,Robinson,donald.robinson887@email.com,"4454 Main St, Las Vegas, NV 49663"
888,Amelia,Taylor,amelia.taylor888@email.com,"7976 Main St, Houston, IL 69663"
889,Ava,Lee,ava.lee889@email.com,"1390 Main St, Columbus, CO 79357"
890,Sophia,Perez,sophia.perez890@email.com,"2661 Main St, Indianapolis, NV 62922"
891,Charles,Harris,charles.harris891@email.com,"8074 Main St, New York, NY 70855"
892,Mia,Clark,mia.clark892@email.com,"7721 Main St, Detroit, CO 11795"
893,Daniel,Wilson,daniel.wilson893@email.com,"4492 Main St, Philadelphia, WA 65556"
894,Emily,Wilson,emily.wilson894@email.com,"111 Main St, San Francisco, TN 64567"
895,John,Lee,john.lee895@email.com,"8906 Main St, San Francisco, OR 70654"
896,Emily,Thompson,emily.thompson896@email.com,"8349 Main St, Chicago, MA 76794"
897,David,Lopez,david.lopez897@email.com,"4543 Main St, San Antonio, NY 59481"
898,Sophia,Rodriguez,sophia.rodriguez898@email.com,"2417 Main St, San Antonio, OH 68015"
899,Isabella,Miller,isabella.miller899@email.com,"9909 Main St, Fort Worth, MI 10891"
900,Michael,Davis,michael.davis900@email.com,"5314 Main St, San Antonio, OH 32884"
901,Sofia,Wilson,sofia.wilson901@email.com,"9331 Main St, Nashville, CA 44393"
902,Charlotte,Robinson,charlotte.robinson902@email.com,"8264 Main St, Miami, CA 33668"
903,Matthew,Taylor,matthew.taylor903@email.com,"1902 Main St, Chicago, IL 61022"
904,Isabella,Lopez,isabella.lopez904@email.com,"9170 Main St, Philadelphia, MA 40694"
905,Sophia,Lee,sophia.lee905@email.com,"4702 Main St, Seattle, NC 75359"
906,Donald,White,donald.white906@email.com,"2960 Main St, Denver, MI 42472"
907,Matthew,Smith,matthew.smith907@email.com,"3509 Main St, New York, TN 27633"
908,Amelia,Brown,amelia.brown908@email.com,"5647 Main St, Nashville, OR 76359"
909,Amelia,Moore,amelia.moore909@email.com,"3540 Main St, San Antonio, NC 28043"
910,Avery,Anderson,avery.anderson910@email.com,"938 Main St, San Francisco, WA 77016"
911,Thomas,Martinez,thomas.martinez911@email.com,"4987 Main St, Indianapolis, FL 17589"
912,Harper,Lopez,harper.lopez912@email.com,"2412 Main St, Columbus, FL 96647"
913,James,Williams,james.williams913@email.com,"5164 Main St, Phoenix, NC 86984"
914,Sophia,Gonzalez,sophia.gonzalez914@email.com,"7987 Main St, Las Vegas, WA 99028"
915,Daniel,Gonzalez,daniel.gonzalez915@email.com,"553 Main St, Austin, NV 67081"
916,Daniel,Miller,daniel.miller916@email.com,"2413 Main St, Boston, CA 91685"
917,Amelia,Ramirez,amelia.ramirez917@email.com,"9780 Main St, Las Vegas, NY 70644"
918,Olivia,Brown,olivia.brown918@email.com,"3078 Main St, Portland, MA 40941"
919,Emily,Wilson,emily.wilson919@email.com,"404 Main St, San Diego, CA 72762"
920,Avery,Perez,avery.perez920@email.com,"1276 Main St, Houston, MA 80101"
921,David,Brown,david.brown921@email.com,"349 Main St, Detroit, MA 26526"
922,Amelia,Anderson,amelia.anderson922@email.com,"7826 Main St, Denver, PA 23032"
923,Donald,Rodriguez,donald.rodriguez923@email.com,"9372 Main St, San Francisco, PA 29670"
924,Robert,Ramirez,robert.ramirez924@email.com,"7586 Main St, Phoenix, OH 71470"
925,Thomas,Wilson,thomas.wilson925@email.com,"6786 Main St, San Francisco, TN 46679"
926,Emily,Anderson,emily.anderson926@email.com,"5750 Main St, Los Angeles, CA 23558"
927,Richard,Taylor,richard.taylor927@email.com,"9459 Main St, Portland, OH 40969"
928,Joseph,Smith,joseph.smith928@email.com,"6632 Main St, Indianapolis, PA 77657"
929,Donald,Brown,donald.brown929@email.com,"3624 Main St, Houston, OH 17950"
930,Mia,Robinson,mia.robinson930@email.com,"6020 Main St, Phoenix, OR 60064"
931,Mark,Johnson,mark.johnson931@email.com,"9714 Main St, Chicago, OR 64342"
932,Elizabeth,Lopez,elizabeth.lopez932@email.com,"8591 Main St, Portland, CO 70464"
933,Matthew,Rodriguez,matthew.rodriguez933@email.com,"6235 Main St, Denver, CA 37291"
934,William,White,william.white934@email.com,"2021 Main St, New York, OH 47479"
935,Richard,Hernandez,richard.hernandez935@email.com,"6005 Main St, New York, MA 80039"
936,Emma,Garcia,emma.garcia936@email.com,"6467 Main St, San Francisco, PA 24417"
937,Michael,Williams,michael.williams937@email.com,"4296 Main St, San Francisco, TN 21654"
938,Amelia,Ramirez,amelia.ramirez938@email.com,"2980 Main St, San Antonio, NV 62313"
939,Amelia,Jones,amelia.jones939@email.com,"7680 Main St, San Antonio, NC 17599"
940,Amelia,Davis,amelia.davis940@email.com,"8315 Main St, Dallas, NC 69631"
941,Michael,Robinson,michael.robinson941@email.com,"9468 Main St, San Antonio, OH 33459"
942,John,Thompson,john.thompson942@email.com,"662 Main St, Nashville, TX 26314"
943,John,Garcia,john.garcia943@email.com,"2037 Main St, San Antonio, CO 47320"
944,Emma,Smith,emma.smith944@email.com,"659 Main St, Denver, NV 58006"
945,Emma,Martin,emma.martin945@email.com,"5408 Main St, San Francisco, CA 64989"
946,Mia,Lopez,mia.lopez946@email.com,"8365 Main St, Nashville, WA 69030"
947,Mark,Martin,mark.martin947@email.com,"2588 Main St, Las Vegas, NV 79432"
948,Harper,Jones,harper.jones948@email.com,"6246 Main St, Austin, MI 37507"
949,Evelyn,Jones,evelyn.jones949@email.com,"8223 Main St, Chicago, CA 62332"
950,Charlotte,Martinez,charlotte.martinez950@email.com,"8039 Main St, Dallas, IL 64072"
951,Richard,Anderson,richard.anderson951@email.com,"7202 Main St, Seattle, CO 63965"
952,Charlotte,Garcia,charlotte.garcia952@email.com,"1908 Main St, San Antonio, FL 94143"
953,Harper,Clark,harper.clark953@email.com,"7243 Main St, Dallas, NV 16214"
954,Mia,Clark,mia.clark954@email.com,"1556 Main St, Boston, FL 41948"
955,Donald,Martinez,donald.martinez955@email.com,"3477 Main St, Seattle, IL 44352"
956,David,Martinez,david.martinez956@email.com,"3681 Main St, Portland, CO 36335"
957,Isabella,Jackson,isabella.jackson957@email.com,"2080 Main St, Austin, CO 39313"
958,David,Jackson,david.jackson958@email.com,"7159 Main St, Phoenix, CA 31843"
959,William,Anderson,william.anderson959@email.com,"3663 Main St, Boston, TX 34129"
960,Thomas,Ramirez,thomas.ramirez960@email.com,"9775 Main St, San Antonio, FL 65243"
961,Thomas,Clark,thomas.clark961@email.com,"8854 Main St, Charlotte, NV 30467"
962,Avery,Gonzalez,avery.gonzalez962@email.com,"9739 Main St, San Jose, NV 44044"
963,Amelia,Rodriguez,amelia.rodriguez963@email.com,"2489 Main St, Austin, CA 83794"
964,Emma,Lewis,emma.lewis964@email.com,"5256 Main St, Las Vegas, OH 15928"
965,Olivia,Martinez,olivia.martinez965@email.com,"6822 Main St, Dallas, IL 62724"
966,Elizabeth,Williams,elizabeth.williams966@email.com,"2584 Main St, San Jose, MA 54157"
967,David,Jackson,david.jackson967@email.com,"3384 Main St, San Jose, OR 70075"
968,Mia,Martin,mia.martin968@email.com,"2034 Main St, Houston, MA 85419"
969,Ava,Moore,ava.moore969@email.com,"6385 Main St, Phoenix, TN 43412"
970,Joseph,Perez,joseph.perez970@email.com,"7175 Main St, Miami, NY 81685"
971,Robert,White,robert.white971@email.com,"5059 Main St, New York, MA 57790"
972,Anthony,Williams,anthony.williams972@email.com,"7797 Main St, Indianapolis, MA 71074"
973,Sophia,Ramirez,sophia.ramirez973@email.com,"2809 Main St, San Diego, PA 93020"
974,Daniel,Jones,daniel.jones974@email.com,"6500 Main St, New York, CA 69407"
975,Joseph,Johnson,joseph.johnson975@email.com,"5915 Main St, Seattle, TX 65273"
976,Olivia,Gonzalez,olivia.gonzalez976@email.com,"4064 Main St, Fort Worth, IL 20619"
977,Matthew,Ramirez,matthew.ramirez977@email.com,"1549 Main St, Portland, NC 69056"
978,Anthony,Brown,anthony.brown978@email.com,"2955 Main St, Houston, CO 20849"
979,Thomas,Perez,thomas.perez979@email.com,"5776 Main St, Chicago, CA 19574"
980,Evelyn,Johnson,evelyn.johnson980@email.com,"1666 Main St, Nashville, PA 86734"
981,Michael,Perez,michael.perez981@email.com,"2292 Main St, Jacksonville, AZ 82658"
982,John,Martin,john.martin982@email.com,"6969 Main St, San Jose, AZ 79022"
983,Richard,Harris,richard.harris983@email.com,"7486 Main St, San Diego, MA 77823"
984,Michael,Davis,michael.davis984@email.com,"4877 Main St, Las Vegas, TN 33203"
985,Harper,Clark,harper.clark985@email.com,"3957 Main St, Boston, AZ 63287"
986,Harper,Garcia,harper.garcia986@email.com,"4253 Main St, San Jose, OR 21904"
987,Matthew,Lopez,matthew.lopez987@email.com,"7462 Main St, Columbus, FL 83582"
988,Emily,Ramirez,emily.ramirez988@email.com,"2591 Main St, San Diego, PA 54772"
989,Olivia,Jackson,olivia.jackson989@email.com,"2845 Main St, Detroit, NC 53028"
990,Charles,Williams,charles.williams990@email.com,"656 Main St, San Diego, TN 61280"
991,Emma,Ramirez,emma.ramirez991@email.com,"5965 Main St, Columbus, OR 39476"
992,Mark,Sanchez,mark.sanchez992@email.com,"7884 Main St, Chicago, MI 25716"
993,Thomas,Thompson,thomas.thompson993@email.com,"3062 Main St, Los Angeles, CA 86329"
994,Matthew,Perez,matthew.perez994@email.com,"7207 Main St, Miami, OR 59552"
995,Avery,Harris,avery.harris995@email.com,"5470 Main St, Philadelphia, TN 10919"
996,Ava,Taylor,ava.taylor996@email.com,"5430 Main St, Seattle, NY 28363"
997,Matthew,Brown,matthew.brown997@email.com,"908 Main St, Fort Worth, NV 37662"
998,Abigail,Perez,abigail.perez998@email.com,"6919 Main St, New York, TX 37717"
999,Elizabeth,Ramirez,elizabeth.ramirez999@email.com,"702 Main St, Charlotte, WA 60484"
1000,Elizabeth,Miller,elizabeth.miller1000@email.com,"2788 Main St, Los Angeles, CA 18559"
